time,x_c,x_c_dot,gamma,gamma_dot
0.000000000000000000e+00,0.000000000000000000e+00,0.000000000000000000e+00,1.000000000000000056e-01,0.000000000000000000e+00
5.005005005005005309e-02,4.889280293329345377e-04,1.322989519864016181e-02,9.077609186677081110e-02,-2.075877187824654302e-01
1.001001001001001062e-01,1.261856792263439751e-03,1.756056619058665724e-02,8.059506014472028745e-02,-1.991542589292298604e-01
1.501501501501501523e-01,2.237127687225392691e-03,2.132185289302945472e-02,7.085574351915473190e-02,-1.899987035089336640e-01
2.002002002002002123e-01,3.387145260510007055e-03,2.455971477709403133e-02,6.158670643403652001e-02,-1.806735570188185147e-01
2.502502502502502724e-01,4.686146088244656782e-03,2.726795704760858266e-02,5.280186699142068452e-02,-1.703481249817637710e-01
3.003003003003003046e-01,6.109351167204651011e-03,2.952816192303256079e-02,4.452390867652635670e-02,-1.604364792261565309e-01
3.503503503503503924e-01,7.634107140126064617e-03,3.133300815713655624e-02,3.675584233894604869e-02,-1.500358816163733788e-01
4.004004004004004247e-01,9.239039441476236750e-03,3.272146228147144315e-02,2.950361133685749926e-02,-1.394300167594036965e-01
4.504504504504504570e-01,1.090420333231304634e-02,3.375433375937086228e-02,2.277254605397532883e-02,-1.294627904866290646e-01
5.005005005005005447e-01,1.261167195261499521e-02,3.441885998917729866e-02,1.655222432409032135e-02,-1.190785238103451438e-01
5.505505505505505770e-01,1.434457796434197331e-02,3.477628310578022991e-02,1.084101787206542128e-02,-1.091409414426437047e-01
6.006006006006006093e-01,1.608782377897081603e-02,3.484413803459200654e-02,5.627273380335723330e-03,-9.939588927605107205e-02
6.506506506506506415e-01,1.782775157671436655e-02,3.464185842623590528e-02,8.971577561892184367e-04,-8.965390569745149141e-02
7.007007007007007848e-01,1.955189744915063546e-02,3.422206289767303761e-02,-3.359860057457709267e-03,-8.060201428568485038e-02
7.507507507507508171e-01,2.124949470409381175e-02,3.358245495596948182e-02,-7.165045388970860823e-03,-7.153047982149308981e-02
8.008008008008008494e-01,2.291075304939994492e-02,3.277067743735111172e-02,-1.053294431645588648e-02,-6.304444903336649253e-02
8.508508508508508816e-01,2.452731944218203286e-02,3.180165846295690546e-02,-1.348457535010771403e-02,-5.493048714588052300e-02
9.009009009009009139e-01,2.609195474994343428e-02,3.069858503536777861e-02,-1.604045343100032883e-02,-4.721687628116803120e-02
9.509509509509510572e-01,2.759850102644070477e-02,2.948758714388789032e-02,-1.822119594792804068e-02,-4.003755933963144831e-02
1.001001001001001089e+00,2.904193487763927564e-02,2.817860248580575724e-02,-2.005040864718714289e-02,-3.313863154825587992e-02
1.051051051051051122e+00,3.041807530610219842e-02,2.680079137315804008e-02,-2.154868227864955091e-02,-2.679405495583575200e-02
1.101101101101101154e+00,3.172375038702641287e-02,2.536536090523198311e-02,-2.273946843796402842e-02,-2.084537671237594869e-02
1.151151151151151186e+00,3.295656306596014828e-02,2.389186374238310567e-02,-2.364460668860300999e-02,-1.538135194696177085e-02
1.201201201201201219e+00,3.411491901315124448e-02,2.239318436914065208e-02,-2.428662038047090313e-02,-1.034981279716129868e-02
1.251251251251251251e+00,3.519791593493622889e-02,2.088263839802801877e-02,-2.468741866068575180e-02,-5.740739918733066965e-03
1.301301301301301283e+00,3.620528604379659454e-02,1.937291879620429633e-02,-2.486834841060459739e-02,-1.558468486115311552e-03
1.351351351351351537e+00,3.713734157328067026e-02,1.787486317384709422e-02,-2.485029244639240520e-02,2.210894132656045577e-03
1.401401401401401570e+00,3.799490881135755838e-02,1.639838009437971297e-02,-2.465343098723521073e-02,5.576399104501477896e-03
1.451451451451451602e+00,3.877928001580889517e-02,1.495092343369363620e-02,-2.429741876847260271e-02,8.582669451060825211e-03
1.501501501501501634e+00,3.949213939378264787e-02,1.354047373547113964e-02,-2.380083979798629235e-02,1.123394648766363330e-02
1.551551551551551666e+00,4.013550730620205065e-02,1.217606413278599087e-02,-2.318107636085628073e-02,1.348167364311355157e-02
1.601601601601601699e+00,4.071174576927016203e-02,1.085905468860908288e-02,-2.245570157951895171e-02,1.545121788280130921e-02
1.651651651651651731e+00,4.122342506646006072e-02,9.596829487599319725e-03,-2.164021956127558724e-02,1.708921116495771414e-02
1.701701701701701763e+00,4.167334672498639037e-02,8.392226397437115362e-03,-2.074978047779851842e-02,1.843802550267464868e-02
1.751751751751751796e+00,4.206448288570500960e-02,7.246656642355608566e-03,-1.979866813251821359e-02,1.955650995536070344e-02
1.801801801801801828e+00,4.239989615622270780e-02,6.166778741164973508e-03,-1.879921522967951258e-02,2.034889999965625376e-02
1.851851851851851860e+00,4.268280022630960985e-02,5.149370418301590750e-03,-1.776428762507103673e-02,2.095709091453737058e-02
1.901901901901902114e+00,4.291642973654089671e-02,4.196828616996560284e-03,-1.670477167436178190e-02,2.136147262085742737e-02
1.951951951951952147e+00,4.310404692061307191e-02,3.311483171521165808e-03,-1.563052838440411041e-02,2.152920294224114350e-02
2.002002002002002179e+00,4.324895424430076629e-02,2.489397382972439749e-03,-1.455143619588895529e-02,2.157570297579287574e-02
2.052052052052052211e+00,4.335439120579168137e-02,1.732915537152484621e-03,-1.347537585625788355e-02,2.144172086712862330e-02
2.102102102102102243e+00,4.342357219333897733e-02,1.041304830224862874e-03,-1.240979701692824025e-02,2.113637334105921209e-02
2.152152152152152276e+00,4.345967487391395184e-02,4.096132888085052921e-04,-1.136194567783047060e-02,2.076784696446004261e-02
2.202202202202202308e+00,4.346573970586188607e-02,-1.580390117795104005e-04,-1.033673664177624935e-02,2.020112597925621464e-02
2.252252252252252340e+00,4.344479114170525513e-02,-6.698844609515512737e-04,-9.340297860310773151e-03,1.961265360653875051e-02
2.302302302302302373e+00,4.339968037907048631e-02,-1.123547228111578802e-03,-8.376266733622688906e-03,1.889811767752542365e-02
2.352352352352352405e+00,4.333319051817930562e-02,-1.524279086139156266e-03,-7.448815698897946584e-03,1.814460743596920528e-02
2.402402402402402437e+00,4.324796293133349734e-02,-1.874616195798142629e-03,-6.561010564048419882e-03,1.736429535294614981e-02
2.452452452452452469e+00,4.314648226666595310e-02,-2.173036632933852616e-03,-5.714638919818507135e-03,1.646062021611306020e-02
2.502502502502502502e+00,4.303115852660179680e-02,-2.427720889797390681e-03,-4.912504755527359254e-03,1.558462803382824023e-02
2.552552552552552534e+00,4.290420828481351923e-02,-2.638300819548995615e-03,-4.155494422875229653e-03,1.466416456570152245e-02
2.602602602602602566e+00,4.276772878193518812e-02,-2.807907718111612386e-03,-3.444590023671619330e-03,1.371585423287206319e-02
2.652652652652652598e+00,4.262368973086037155e-02,-2.942006279776534453e-03,-2.780723550702955162e-03,1.281560465871268636e-02
2.702702702702703075e+00,4.247387217946101134e-02,-3.038675885983600517e-03,-2.163232923140160410e-03,1.184808066831714857e-02
2.752752752752753107e+00,4.231997782073557146e-02,-3.105699069251616987e-03,-1.592694421914186281e-03,1.094873920322501741e-02
2.802802802802803139e+00,4.216351718917351471e-02,-3.142527374774436305e-03,-1.068017487597370998e-03,1.003834986525702945e-02
2.852852852852853172e+00,4.200588886148640816e-02,-3.152340936143756701e-03,-5.884523740075910071e-04,9.134993817560339846e-03
2.902902902902903204e+00,4.184836419156753168e-02,-3.139054615584591177e-03,-1.531374926594399033e-04,8.277078819257077322e-03
2.952952952952953236e+00,4.169206461212395659e-02,-3.103054914948304675e-03,2.395624954510813332e-04,7.413514671798887741e-03
3.003003003003003268e+00,4.153801933415556674e-02,-3.049577459465855483e-03,5.906562661512082275e-04,6.620437365352518921e-03
3.053053053053053301e+00,4.138710689926862474e-02,-2.978643680613478339e-03,9.021390638271345941e-04,5.841438228037009427e-03
3.103103103103103333e+00,4.124011193044058166e-02,-2.893169785141884789e-03,1.175640263881153188e-03,5.097269089693685397e-03
3.153153153153153365e+00,4.109770956119052077e-02,-2.795592624038835319e-03,1.412948317457933881e-03,4.398822954759911905e-03
3.203203203203203397e+00,4.096046555172418169e-02,-2.686946868672041369e-03,1.616137416573082148e-03,3.723414528739884318e-03
3.253253253253253430e+00,4.082886541020250282e-02,-2.570510439428513785e-03,1.786950124935922108e-03,3.109058565864294271e-03
3.303303303303303462e+00,4.070328760179545147e-02,-2.446592667293504345e-03,1.927628472599177047e-03,2.519874604122643909e-03
3.353353353353353494e+00,4.058404237479359966e-02,-2.317700335305043075e-03,2.040052141470813461e-03,1.979597405776874382e-03
3.403403403403403527e+00,4.047135472385659377e-02,-2.184869899863855613e-03,2.126321171236753536e-03,1.476824460423397170e-03
3.453453453453453559e+00,4.036538203415444143e-02,-2.049497331310649872e-03,2.188442627723914593e-03,1.012283145072153398e-03
3.503503503503503591e+00,4.026621813540788575e-02,-1.913034567661963097e-03,2.228367389858686761e-03,5.909581279855697766e-04
3.553553553553553623e+00,4.017389477663464714e-02,-1.776299798004557680e-03,2.248091635363288262e-03,2.042238968826493787e-04
3.603603603603603656e+00,4.008839427049901150e-02,-1.640581246668578038e-03,2.249466974981810443e-03,-1.416994615235712452e-04
3.653653653653653688e+00,4.000964817607856328e-02,-1.506562343881586320e-03,2.234367842153375371e-03,-4.535924892522878835e-04
3.703703703703703720e+00,3.993754726936413896e-02,-1.375066197707718995e-03,2.204563142921254788e-03,-7.320888295613154620e-04
3.753753753753754197e+00,3.987194669575046951e-02,-1.247073971650201072e-03,2.161707769958029317e-03,-9.712973820569636291e-04
3.803803803803804229e+00,3.981266367903475711e-02,-1.122603920542507685e-03,2.107521379062836462e-03,-1.187869509017524562e-03
3.853853853853854261e+00,3.975949497961860091e-02,-1.002754875999313034e-03,2.043451478571765064e-03,-1.368312951230657177e-03
3.903903903903904293e+00,3.971220853667174755e-02,-8.877065350552387638e-04,1.970997837687197326e-03,-1.520774491471955274e-03
3.953953953953954326e+00,3.967055345333991151e-02,-7.776636954473144800e-04,1.891557043150678217e-03,-1.650763649838815758e-03
4.004004004004004358e+00,3.963426678199469255e-02,-6.733365049534597614e-04,1.806343675412632474e-03,-1.748866721885792858e-03
4.054054054054054390e+00,3.960306797971453047e-02,-5.745123956074489309e-04,1.716623897962960303e-03,-1.827767042142877186e-03
4.104104104104104422e+00,3.957667052795457024e-02,-4.813855910503425390e-04,1.623499385181491990e-03,-1.888018245440799617e-03
4.154154154154154455e+00,3.955478430933183354e-02,-3.944658307679539807e-04,1.527923887461896764e-03,-1.920525494592444657e-03
4.204204204204204487e+00,3.953710802072150921e-02,-3.129515101576823264e-04,1.430971108295250220e-03,-1.948699928498351473e-03
4.254254254254254519e+00,3.952335102607473782e-02,-2.378000953196523516e-04,1.333335924708215327e-03,-1.949247762287464793e-03
4.304304304304304551e+00,3.951321362428283218e-02,-1.682580311359550482e-04,1.235904146570646371e-03,-1.941943008612202325e-03
4.354354354354354584e+00,3.950640665311593719e-02,-1.046510616352748713e-04,1.139300212196885055e-03,-1.917647012573434886e-03
4.404404404404404616e+00,3.950264379138554438e-02,-4.689088121337313896e-05,1.044134734062375936e-03,-1.877000858088089712e-03
4.454454454454454648e+00,3.950164101423955104e-02,5.852447444202429669e-06,9.510618830288694332e-04,-1.838993634883352843e-03
4.504504504504504681e+00,3.950313237196206168e-02,5.286320510542302775e-05,8.604099055419190322e-04,-1.781965915481462711e-03
4.554554554554554713e+00,3.950685194363221658e-02,9.491344627021266914e-05,7.726807004979045638e-04,-1.722079232360033182e-03
4.604604604604604745e+00,3.951254917570665159e-02,1.319858612892192164e-04,6.881822003419387499e-04,-1.654571814397043155e-03
4.654654654654654777e+00,3.951998410225959074e-02,1.641524781092590618e-04,6.071761799568664271e-04,-1.576546219362749170e-03
4.704704704704704810e+00,3.952892375827497806e-02,1.922394238215731875e-04,5.299911332888319589e-04,-1.504224085233778554e-03
4.754754754754754842e+00,3.953915499244916448e-02,2.158738297399894152e-04,4.567075988240811317e-04,-1.422558228703918850e-03
4.804804804804804874e+00,3.955047207589137276e-02,2.354966538849985523e-04,3.874911111603064986e-04,-1.337306393374940389e-03
4.854854854854854906e+00,3.956268105271852631e-02,2.517070887530927057e-04,3.224892906332336474e-04,-1.258156119019650764e-03
4.904904904904904939e+00,3.957560686066106254e-02,2.641507493441405544e-04,2.616543256487102536e-04,-1.170057069488605580e-03
4.954954954954954971e+00,3.958907924566994890e-02,2.737465076037428973e-04,2.051105738067045639e-04,-1.090808492608201161e-03
5.005005005005005003e+00,3.960294924225553348e-02,2.800630113050930838e-04,1.527299136289413486e-04,-1.003324572794498564e-03
5.055055055055055035e+00,3.961707358209012875e-02,2.837561218724209806e-04,1.045334519434905628e-04,-9.186533837499135345e-04
5.105105105105105068e+00,3.963132298203538018e-02,2.852169765560958912e-04,6.047422037997773924e-05,-8.410854609018185435e-04
5.155155155155155100e+00,3.964558402792532632e-02,2.842231948487760631e-04,2.038352604395640553e-05,-7.591760338624153372e-04
5.205205205205205132e+00,3.965974879344331960e-02,2.815218050869772452e-04,-1.576740363210982169e-05,-6.866726394905263301e-04
5.255255255255255165e+00,3.967372721509451750e-02,2.768046617463738044e-04,-4.819510643816440258e-05,-6.102318338188014724e-04
5.305305305305305197e+00,3.968743477237612199e-02,2.705845981635919377e-04,-7.699472160932184527e-05,-5.379149674826520571e-04
5.355355355355356117e+00,3.970079837243450926e-02,2.631865424134728041e-04,-1.023021729016289789e-04,-4.731399568536942307e-04
5.405405405405406150e+00,3.971375782820282113e-02,2.544318560795269329e-04,-1.243433271982721507e-04,-4.065404101304048918e-04
5.455455455455456182e+00,3.972625724286889953e-02,2.449166298686454384e-04,-1.432230271628814216e-04,-3.490045089086818322e-04
5.505505505505506214e+00,3.973825452636033095e-02,2.344193758846534604e-04,-1.591831091573291416e-04,-2.905435004133656790e-04
5.555555555555556246e+00,3.974971183779597156e-02,2.233251627573614557e-04,-1.723679803846617296e-04,-2.370930308139237476e-04
5.605605605605606279e+00,3.976060037051756119e-02,2.117802540068782022e-04,-1.829610053682855268e-04,-1.886752729984117103e-04
5.655655655655656311e+00,3.977089957478836119e-02,1.997269998398087975e-04,-1.911773057772489287e-04,-1.403018386111438086e-04
5.705705705705706343e+00,3.978059258320308655e-02,1.875403620811156430e-04,-1.971584695141220377e-04,-9.841900514837682249e-05
5.755755755755756375e+00,3.978967095738916715e-02,1.751911783918824262e-04,-2.011080162354859642e-04,-5.928665023101923676e-05
5.805805805805806408e+00,3.979813057678138755e-02,1.628127035244100870e-04,-2.031978405841619411e-04,-2.361189902600839801e-05
5.855855855855856440e+00,3.980597184985518872e-02,1.505856334042303065e-04,-2.035860964175741322e-04,6.426934078842800735e-06
5.905905905905906472e+00,3.981320169083055888e-02,1.383465006782578523e-04,-2.024803912851066913e-04,3.730486137496372774e-05
5.955955955955956505e+00,3.981982768785781446e-02,1.264344015655342456e-04,-1.999988728706714452e-04,6.228116339187531535e-05
6.006006006006006537e+00,3.982586334942510298e-02,1.147883204393599147e-04,-1.963171304740898902e-04,8.473035232136585850e-05
6.056056056056056569e+00,3.983132451631143239e-02,1.034455466708281629e-04,-1.915863915336605465e-04,1.052740065703824035e-04
6.106106106106106601e+00,3.983622843110975337e-02,9.262324095787843046e-05,-1.859198959986846367e-04,1.196833301423187555e-04
6.156156156156156634e+00,3.984059762488972173e-02,8.204160733686394246e-05,-1.795032185183955363e-04,1.363767351372992167e-04
6.206206206206206666e+00,3.984445226991684824e-02,7.207558288092372038e-05,-1.724060582770042642e-04,1.466745497007861500e-04
6.256256256256256698e+00,3.984781739012157459e-02,6.255976872241688009e-05,-1.647773590963982448e-04,1.556869158773878056e-04
6.306306306306306730e+00,3.985071830407093535e-02,5.345887751481644856e-05,-1.567358396663021418e-04,1.650026634767147882e-04
6.356356356356356763e+00,3.985317959281249600e-02,4.498434001740510914e-05,-1.483510353390132808e-04,1.696877466686940675e-04
6.406406406406406795e+00,3.985522882717720816e-02,3.696170129493505442e-05,-1.397467505656583176e-04,1.746409008486384646e-04
6.456456456456456827e+00,3.985689184046128930e-02,2.953928798389985261e-05,-1.309855158304608044e-04,1.762948930892643156e-04
6.506506506506506859e+00,3.985819561592844618e-02,2.269577511491792767e-05,-1.221492409819645254e-04,1.753502854598552776e-04
6.556556556556556892e+00,3.985916804788575823e-02,1.624587732749864849e-05,-1.133385561297962582e-04,1.766389579266128816e-04
6.606606606606606924e+00,3.985983397166642517e-02,1.043970548060941114e-05,-1.045752314889825856e-04,1.736488569875861893e-04
6.656656656656656956e+00,3.986022062706453400e-02,5.072946198103107877e-06,-9.594782272262890994e-05,1.715241078936029532e-04
6.706706706706706989e+00,3.986035274956040847e-02,2.410959932237771891e-07,-8.748884436660297667e-05,1.675874765694237555e-04
6.756756756756757021e+00,3.986025478863899213e-02,-4.030896636201935086e-06,-7.923561822396812189e-05,1.609183825928843959e-04
6.806806806806807053e+00,3.985995228021569498e-02,-8.022363861117692404e-06,-7.126882128395564762e-05,1.584005003314638423e-04
6.856856856856857085e+00,3.985946563580587687e-02,-1.134829512150948929e-05,-6.355468324226136033e-05,1.497037546195748622e-04
6.906906906906907118e+00,3.985881895369711159e-02,-1.436481414895251243e-05,-5.617490609279865242e-05,1.436052284188990753e-04
6.956956956956957150e+00,3.985803245871993167e-02,-1.698229157853361018e-05,-4.913322224345408702e-05,1.373309426722738058e-04
7.007007007007007182e+00,3.985712561896167377e-02,-1.916547472462265978e-05,-4.243745994130474901e-05,1.294844368635402658e-04
7.057057057057057214e+00,3.985611800931158216e-02,-2.107517618313899465e-05,-3.612306674759503341e-05,1.237138578010926759e-04
7.107107107107107247e+00,3.985502592477581374e-02,-2.253573528142228621e-05,-3.016651724135377443e-05,1.149586299745373997e-04
7.157157157157157279e+00,3.985386666908533049e-02,-2.371510487392276738e-05,-2.459674742406338559e-05,1.070261246607108870e-04
7.207207207207207311e+00,3.985265549089816312e-02,-2.464024219004695606e-05,-1.941637037514717953e-05,1.000757354023585770e-04
7.257257257257257343e+00,3.985140582100891310e-02,-2.523339127416433794e-05,-1.460794729027067420e-05,9.156072047479176261e-05
7.307307307307307376e+00,3.985013159591142134e-02,-2.567723630894502235e-05,-1.019395343423462770e-05,8.566660700181955197e-05
7.357357357357357408e+00,3.984884336303819163e-02,-2.579521270993918018e-05,-6.135893642468072528e-06,7.730390427372090044e-05
7.407407407407407440e+00,3.984755256087890024e-02,-2.572420463467184091e-05,-2.444463904967525488e-06,6.949166148833715807e-05
7.457457457457457473e+00,3.984626946212193460e-02,-2.558388764544808629e-05,8.741623253629765446e-07,6.481706148212932380e-05
7.507507507507508393e+00,3.984500074966194905e-02,-2.508730277846155931e-05,3.881661865194431841e-06,5.537624599765148865e-05
7.557557557557558425e+00,3.984375633168560360e-02,-2.461253832541248666e-05,6.532290756763991577e-06,5.046527771971964305e-05
7.607607607607608458e+00,3.984254126200151985e-02,-2.391749833791777070e-05,8.882540930578132287e-06,4.337545065009813420e-05
7.657657657657658490e+00,3.984136218223353898e-02,-2.315175228293744048e-05,1.092567426294674172e-05,3.753773708170934426e-05
7.707707707707708522e+00,3.984022410042727808e-02,-2.233926412150860719e-05,1.267599625210260853e-05,3.315921831151845883e-05
7.757757757757758554e+00,3.983913033862988146e-02,-2.136227756663056155e-05,1.417130177026867591e-05,2.680756828202332276e-05
7.807807807807808587e+00,3.983808536997057032e-02,-2.040221938767131110e-05,1.540070081359828317e-05,2.280321879005702674e-05
7.857857857857858619e+00,3.983709102526854229e-02,-1.933157034411047312e-05,1.640377905601746308e-05,1.750755944912636510e-05
7.907907907907908651e+00,3.983614987920439804e-02,-1.824160232857787039e-05,1.718427387003776944e-05,1.295818885280513243e-05
7.957957957957958683e+00,3.983526375824991694e-02,-1.719841683902079989e-05,1.774979236850812334e-05,1.056568195516363934e-05
8.008008008008008716e+00,3.983443245841046532e-02,-1.603229777141494902e-05,1.814610306845175857e-05,5.670929162817285894e-06
8.058058058058058748e+00,3.983365756476012903e-02,-1.493436519675087445e-05,1.835959968428997968e-05,2.960477968768268609e-06
8.108108108108108780e+00,3.983293866692214774e-02,-1.385042305876345619e-05,1.841620978723769946e-05,8.049683340741153094e-07
8.158158158158158813e+00,3.983227465771981002e-02,-1.267923379884324975e-05,1.834894358537558692e-05,-3.618651968745523685e-06
8.208208208208208845e+00,3.983166636851782211e-02,-1.168253136912965717e-05,1.813087490538844364e-05,-3.734348099814586573e-06
8.258258258258258877e+00,3.983111064431264781e-02,-1.054103669459036743e-05,1.782925618310171817e-05,-7.957396040910121092e-06
8.308308308308308909e+00,3.983060787691775073e-02,-9.539937343488881546e-06,1.741187768954834198e-05,-9.066105826244215762e-06
8.358358358358358942e+00,3.983015560426080709e-02,-8.550259973193603431e-06,1.691339190720554282e-05,-1.052088963971710459e-05
8.408408408408408974e+00,3.982975199585046117e-02,-7.574631553909370205e-06,1.634616394464631658e-05,-1.236442478506302620e-05
8.458458458458459006e+00,3.982939573814714418e-02,-6.723823453402568665e-06,1.570408945808453622e-05,-1.182865358271807504e-05
8.508508508508509038e+00,3.982908331632704219e-02,-5.781733956880762635e-06,1.503363242808385186e-05,-1.457527912482794178e-05
8.558558558558559071e+00,3.982881387698290060e-02,-4.970069671683840885e-06,1.430894489312122442e-05,-1.493977940756342264e-05
8.608608608608609103e+00,3.982858465770693773e-02,-4.220993216660743157e-06,1.355065862615783969e-05,-1.472494531174489938e-05
8.658658658658659135e+00,3.982839275676963720e-02,-3.453155983043808887e-06,1.278081775792741683e-05,-1.607005995518505657e-05
8.708708708708709167e+00,3.982823675740941594e-02,-2.825065088234991345e-06,1.198151755344230876e-05,-1.490568187391824900e-05
8.758758758758759200e+00,3.982811298528475541e-02,-2.139710819215635100e-06,1.119215602268958572e-05,-1.633720579769270588e-05
8.808808808808809232e+00,3.982801978428820999e-02,-1.518068476258597800e-06,1.039946729936887627e-05,-1.724462606031408756e-05
8.858858858858859264e+00,3.982795538489199844e-02,-1.059206307802501107e-06,9.593056724294685974e-06,-1.506522588360346880e-05
8.908908908908909297e+00,3.982791565334679179e-02,-4.818400215571490522e-07,8.823968341163222360e-06,-1.705559870579569648e-05
8.958958958958959329e+00,3.982790040364597717e-02,-1.208544551732428687e-07,8.041972762158491214e-06,-1.454549021336784426e-05
9.009009009009009361e+00,3.982790552851794147e-02,3.194242714915231268e-07,7.299204822316425518e-06,-1.515020684379063131e-05
9.059059059059059393e+00,3.982792995818889431e-02,6.658536668632733290e-07,6.570657000328177323e-06,-1.436696821905923456e-05
9.109109109109109426e+00,3.982797168694754419e-02,9.064014959824915548e-07,5.857088331993634366e-06,-1.185100633430974557e-05
9.159159159159159458e+00,3.982802719682588394e-02,1.282400741519360194e-06,5.200125858531691026e-06,-1.379985548871204057e-05
9.209209209209209490e+00,3.982809654487624168e-02,1.484576552419298047e-06,4.551001968527214132e-06,-1.218184932960386386e-05
9.259259259259259522e+00,3.982817670844564228e-02,1.706535877936355860e-06,3.942636473705644318e-06,-1.195564351031000898e-05
9.309309309309309555e+00,3.982826638260187485e-02,1.886272970539008400e-06,3.365800636108114657e-06,-1.147364966215153216e-05
9.359359359359359587e+00,3.982836441247290110e-02,1.954505217489323585e-06,2.809707499691194725e-06,-8.898795784439611148e-06
9.409409409409409619e+00,3.982846777737062555e-02,2.153767328247982544e-06,2.314157098266436992e-06,-1.044941972754547603e-05
9.459459459459459651e+00,3.982857681553621937e-02,2.211855504617602537e-06,1.834583008196809336e-06,-9.044080496634802831e-06
9.509509509509509684e+00,3.982868938511780615e-02,2.265505123623936968e-06,1.392930928550537956e-06,-8.166928705403869487e-06
9.559559559559559716e+00,3.982880413252727625e-02,2.343112472713209778e-06,9.932115141107274530e-07,-8.503208580108276602e-06
9.609609609609609748e+00,3.982892089930729906e-02,2.300063815540533584e-06,6.109678546728608662e-07,-6.268689580294662127e-06
9.659659659659659781e+00,3.982903761861769643e-02,2.309342523376458974e-06,2.734248219032705756e-07,-5.885722196930152161e-06
9.709709709709709813e+00,3.982915383041606139e-02,2.304942272258901313e-06,-3.138174072938703826e-08,-5.603017886684191130e-06
9.759759759759759845e+00,3.982926928681902040e-02,2.201980780993323583e-06,-3.186332493573729629e-07,-3.182925938696563807e-06
9.809809809809809877e+00,3.982938168086374436e-02,2.255443581135349140e-06,-5.481182586154665748e-07,-5.170447972701427595e-06
9.859859859859859910e+00,3.982949244375694198e-02,2.142398231091458868e-06,-7.740957108324666595e-07,-3.180661478463735413e-06
9.909909909909909942e+00,3.982959931614490218e-02,2.136606828133326586e-06,-9.534471992669710819e-07,-4.247191353116515358e-06
9.959959959959959974e+00,3.982970315376732628e-02,2.031142594698386766e-06,-1.121607386251931411e-06,-2.986071554126906740e-06
1.001001001001001001e+01,3.982980326853181180e-02,1.874756214303485782e-06,-1.272289894800421841e-06,-6.212451228316888076e-07
1.006006006006006004e+01,3.982989797334234722e-02,1.884963550971044578e-06,-1.371665470239063223e-06,-2.739078001276503624e-06
1.011011011011011007e+01,3.982998904433033421e-02,1.741370047085994431e-06,-1.473756004328409754e-06,-1.030091933768159521e-06
1.016016016016016010e+01,3.983007477834004523e-02,1.683298062000692029e-06,-1.541166700326431962e-06,-1.648265086806278530e-06
1.021021021021021014e+01,3.983015589229277342e-02,1.575753556747689635e-06,-1.597612955366430313e-06,-1.078511456002019090e-06
1.026026026026026017e+01,3.983023241827487321e-02,1.399936151582278071e-06,-1.647804352051103651e-06,1.190076796052056895e-06
1.031031031031031020e+01,3.983030293071092298e-02,1.374812924652609272e-06,-1.657581390973965133e-06,-4.768316834535186777e-07
1.036036036036036023e+01,3.983036903771886017e-02,1.245883249480883173e-06,-1.670060607732940407e-06,5.173418155234256693e-07
1.041041041041041026e+01,3.983043020015993724e-02,1.104184279764233348e-06,-1.671875048325406496e-06,1.839578176312732359e-06
1.046046046046046030e+01,3.983048564505865807e-02,1.082945951323653800e-06,-1.642708435655281163e-06,6.481392807552391010e-08
1.051051051051051033e+01,3.983053709307033535e-02,9.254843169030044995e-07,-1.625858570889377212e-06,1.840304270464772285e-06
1.056056056056056036e+01,3.983058281198256084e-02,9.253985693988225633e-07,-1.574688803445010861e-06,-4.060744253941393529e-07
1.061061061061061039e+01,3.983062489944359102e-02,7.738499525144440267e-07,-1.540877761621855428e-06,1.316989855835027942e-06
1.066066066066066043e+01,3.983066244806691275e-02,6.403677968282511646e-07,-1.497909405842995998e-06,2.639656427064794126e-06
1.071071071071071223e+01,3.983069492677298457e-02,6.374132044740814458e-07,-1.428514621050562525e-06,6.650315146799761921e-07
1.076076076076076227e+01,3.983072423056749356e-02,4.956356500397956258e-07,-1.377704909915075397e-06,2.359619222809344943e-06
1.081081081081081230e+01,3.983074877429513411e-02,4.978542050877486246e-07,-1.300242589416089129e-06,4.222372179406565220e-07
1.086086086086086233e+01,3.983077040703891791e-02,3.847630623387212781e-07,-1.239352087642979419e-06,1.557280348683463233e-06
1.091091091091091236e+01,3.983078869157025831e-02,2.595966736988893433e-07,-1.178978806152069568e-06,3.101073357618088057e-06
1.096096096096096240e+01,3.983080287428863997e-02,2.761414506502808541e-07,-1.094741793077055183e-06,1.082770539299332335e-06
1.101101101101101243e+01,3.983081489172977246e-02,1.627855687693948939e-07,-1.031663634298666797e-06,2.521520378853225537e-06
1.106106106106106246e+01,3.983082371102247138e-02,1.176217695927151051e-07,-9.579920660721737659e-07,2.299875207277059979e-06
1.111111111111111249e+01,3.983082979672976365e-02,1.015203395063634666e-07,-8.806516082536648717e-07,1.428675698988114031e-06
1.116116116116116252e+01,3.983083399455288054e-02,1.451661093724337390e-08,-8.164400846282860111e-07,2.489827597732485631e-06
1.121121121121121256e+01,3.983083516904131066e-02,6.934840974800650539e-08,-7.310284927246583761e-07,-1.466717316702036576e-08
1.126126126126126259e+01,3.983083550785256055e-02,-4.787837815764850990e-08,-6.760368362877327192e-07,2.023161368432630977e-06
1.131131131131131262e+01,3.983083363596375687e-02,-8.845835571222993115e-08,-6.111532545887369352e-07,2.174964310915783071e-06
1.136136136136136265e+01,3.983082989284572606e-02,-7.609050294799207111e-08,-5.405028140475679869e-07,1.050050649018608395e-06
1.141141141141141269e+01,3.983082538582290860e-02,-1.572146907718883224e-07,-4.882089292235479113e-07,2.428612163860263706e-06
1.146146146146146272e+01,3.983081872141943508e-02,-8.397159901560883894e-08,-4.139580124637680324e-07,-9.692633811306398180e-08
1.151151151151151275e+01,3.983081206373673133e-02,-1.727398676888748934e-07,-3.695427149303075726e-07,1.643774092418992340e-06
1.156156156156156278e+01,3.983080418389659677e-02,-2.045610993797563325e-07,-3.192919423368678612e-07,1.989415092196057283e-06
1.161161161161161282e+01,3.983079516543787391e-02,-1.695949458114585329e-07,-2.616519738970009832e-07,6.815182311540504306e-07
1.166166166166166285e+01,3.983078626337559908e-02,-2.448390388646116521e-07,-2.255509155673953580e-07,2.288822226953132246e-06
1.171171171171171288e+01,3.983077618679060905e-02,-2.060161648871913047e-07,-1.743561258820291258e-07,1.012314483239397716e-06
1.176176176176176291e+01,3.983076612248741960e-02,-2.223421369701742633e-07,-1.356717426963364580e-07,1.219603013796266411e-06
1.181181181181181294e+01,3.983075579996354920e-02,-2.339623543351206194e-07,-9.966972861804932711e-08,1.359843636974106723e-06
1.186186186186186298e+01,3.983074481633668701e-02,-1.615377800081432388e-07,-5.332029517144452598e-08,-6.211787597332535583e-07
1.191191191191191301e+01,3.983073475855511414e-02,-2.419581689745318429e-07,-3.522022262220174126e-08,1.392764250021175133e-06
1.196196196196196304e+01,3.983072407398004916e-02,-2.167950389647760944e-07,-3.060360743256023554e-09,7.205124286550837447e-07
1.201201201201201307e+01,3.983071365350692589e-02,-2.155399473030361775e-07,2.212922664560949681e-08,7.036725033408804962e-07
1.206206206206206311e+01,3.983070354948433506e-02,-2.363068269891307747e-07,4.078437514942562506e-08,1.289596273624282380e-06
1.211211211211211314e+01,3.983069298991688545e-02,-1.480230992970136546e-07,7.444700420354197038e-08,-9.119929937638985762e-07
1.216216216216216317e+01,3.983068378656776098e-02,-2.295538489269422703e-07,7.771814469301845630e-08,1.300306693386870542e-06
1.221221221221221320e+01,3.983067394237415487e-02,-1.582928991214230772e-07,1.034308509042682010e-07,-4.120808465967851294e-07
1.226226226226226323e+01,3.983066478325852922e-02,-1.383968281278928991e-07,1.183951439499708082e-07,-7.776379362479603697e-07
1.231231231231231327e+01,3.983065641716666133e-02,-1.823114126346667354e-07,1.207315063070854755e-07,5.221262584089043173e-07
1.236236236236236330e+01,3.983064796080102582e-02,-1.465769599253790080e-07,1.340221587790236376e-07,-2.222220198473934713e-07
1.241241241241241333e+01,3.983064039587161376e-02,-1.836398402291780225e-07,1.335239056173105160e-07,9.253681357858517491e-07
1.246246246246246336e+01,3.983063283603968663e-02,-1.511944654178633127e-07,1.426282750553798248e-07,2.856630097708367630e-07
1.251251251251251340e+01,3.983062561345349778e-02,-1.004286083353321908e-07,1.531245524859707068e-07,-8.211135271623661654e-07
1.256256256256256343e+01,3.983061947050058754e-02,-1.480906454166572356e-07,1.460918370854594303e-07,6.193323181969023034e-07
1.261261261261261346e+01,3.983061320359371216e-02,-1.036602958951725175e-07,1.527855992798590806e-07,-3.173899028123225168e-07
1.266266266266266349e+01,3.983060785318441599e-02,-1.321757482604836128e-07,1.463898355632577851e-07,6.310358682351770676e-07
1.271271271271271353e+01,3.983060265474621525e-02,-1.135962753299251549e-07,1.466399463712115646e-07,3.615456672164749498e-07
1.276276276276276356e+01,3.983059761096523210e-02,-4.968395333965033694e-08,1.533738824998610913e-07,-1.081750078198688439e-06
1.281281281281281359e+01,3.983059397078719810e-02,-1.397393314656569594e-07,1.341633039038618392e-07,1.449201363252856065e-06
1.286286286286286362e+01,3.983058952606979841e-02,-3.645213889141340934e-08,1.458413857523828742e-07,-1.020119695103458891e-06
1.291291291291291365e+01,3.983058622902720114e-02,-5.098179890608917751e-08,1.376992288930686330e-07,-4.512735601879591920e-07
1.296296296296296369e+01,3.983058325158794072e-02,-5.485951668487005201e-08,1.308176524373904055e-07,-1.643100849585396539e-07
1.301301301301301372e+01,3.983058046076157904e-02,-2.977152061944153651e-08,1.282812525180522823e-07,-6.330845744213849919e-07
1.306306306306306375e+01,3.983057849809212153e-02,-8.009022104353011385e-08,1.131319109632409852e-07,8.385002345674907923e-07
1.311311311311311378e+01,3.983057623764302974e-02,-3.067536871307748573e-08,1.140524944357703667e-07,-2.750835625902726997e-07
1.316316316316316382e+01,3.983057454432539085e-02,-2.143206127722893961e-08,1.082688316418415689e-07,-3.594642040342611799e-07
1.321321321321321385e+01,3.983057327497614708e-02,-3.283193415908057416e-08,9.903763912830588127e-08,8.056210025923387348e-08
1.326326326326326388e+01,3.983057198377305125e-02,2.513492564900290329e-09,9.742547751859406616e-08,-6.962680136439465467e-07
1.331331331331331391e+01,3.983057151282481251e-02,-5.176347750853262944e-08,8.121712665716844655e-08,8.332908557899110541e-07
1.336336336336336394e+01,3.983057066103079524e-02,-8.756731514750366446e-09,8.098580735797838069e-08,-1.598335310324738864e-07
1.341341341341341398e+01,3.983057015525356959e-02,1.346918867615934314e-08,7.749392527946638276e-08,-6.251519406924331348e-07
1.346346346346346401e+01,3.983057046371603349e-02,-6.216879720490340812e-08,5.819124915924616923e-08,1.429050432714943857e-06
1.351351351351351404e+01,3.983056983327415423e-02,3.875902652579293413e-08,6.792848501892951574e-08,-1.087458592495540214e-06
1.356356356356356407e+01,3.983057035401785934e-02,-1.724959988527341450e-08,5.226927259231957567e-08,4.422095590062540965e-07
1.361361361361361411e+01,3.983057040836707197e-02,2.298308169467525572e-08,5.258423628318779603e-08,-5.230073300681368377e-07
1.366366366366366414e+01,3.983057084121243568e-02,2.316910943004116731e-08,4.663553529134792962e-08,-4.615527218390933609e-07
1.371371371371371417e+01,3.983057164003363931e-02,-1.721130626069080012e-08,3.435383990441176253e-08,6.403299022439032222e-07
1.376376376376376420e+01,3.983057200188606234e-02,2.649854680885322712e-08,3.610887949071425134e-08,-4.377522815357905599e-07
1.381381381381381424e+01,3.983057292984063663e-02,-6.636796204482494741e-09,2.562651679595270116e-08,4.626411600720512080e-07
1.386386386386386427e+01,3.983057352488270086e-02,2.350312164492840875e-08,2.579535822248421370e-08,-2.783862224998764410e-07
1.391391391391391430e+01,3.983057428249285603e-02,3.655659369106869823e-08,2.349391024114354972e-08,-5.841468613683344955e-07
1.396396396396396433e+01,3.983057552581450306e-02,-2.043682976186913267e-08,1.007303948649625296e-08,9.140889985229024158e-07
1.401401401401401436e+01,3.983057611653784136e-02,3.090953209677871542e-08,1.466292166404046877e-08,-3.922383760403883397e-07
1.406406406406406440e+01,3.983057718529352254e-02,1.015630464522836935e-08,7.791277813651098263e-09,1.592616392295574441e-07
1.411411411411411443e+01,3.983057833087951666e-02,-2.065784206946459763e-08,-4.165644242872778381e-10,9.660960101953961880e-07
1.416416416416416446e+01,3.983057885107229440e-02,4.825875562791876551e-08,7.961736473213770019e-09,-8.080236345180985074e-07
1.421421421421421449e+01,3.983058035339949454e-02,-3.859353374472079846e-08,-8.809090926458644618e-09,1.438598954384748935e-06
1.426426426426426453e+01,3.983058077998250651e-02,4.329782384480305509e-08,2.257116119666347024e-09,-6.780640288745358672e-07
1.431431431431431456e+01,3.983058188380853015e-02,1.565950383089045771e-08,-4.296264371797335710e-09,3.206291617753072101e-08
1.436436436436436459e+01,3.983058282719736248e-02,1.019028244450593466e-08,-6.973527482391961023e-09,1.666356024451707613e-07
1.441441441441441462e+01,3.983058358478382133e-02,3.018243305405207834e-08,-5.249841239772921428e-09,-3.590792473655244471e-07
1.446446446446446465e+01,3.983058484700671004e-02,-3.421516488974478710e-08,-1.707845033915462282e-08,1.293443720359789912e-06
1.451451451451451469e+01,3.983058522804139995e-02,3.571993762923009937e-08,-6.753112038843344714e-09,-5.266072771589546239e-07
1.456456456456456472e+01,3.983058610602015909e-02,2.152451682043841599e-08,-9.965185722409100209e-09,-1.745401335874781029e-07
1.461461461461461475e+01,3.983058704472350331e-02,-8.138904703185871588e-09,-1.551519389770976939e-08,5.758823101963817905e-07
1.466466466466466478e+01,3.983058747919935444e-02,3.583642926949831407e-08,-8.864847615559612782e-09,-5.773355410138680783e-07
1.471471471471471482e+01,3.983058848571689736e-02,-1.702223491933311237e-08,-1.786802157841115696e-08,7.705221211227989834e-07
1.476476476476476485e+01,3.983058920121418378e-02,-3.030700171673517095e-08,-2.026126051188349231e-08,1.095310627329324534e-06
1.481481481481481488e+01,3.983058953717592832e-02,9.912372447434496147e-09,-1.378281251364951890e-08,3.731060553509345581e-08
1.486486486486486491e+01,3.983059057953509952e-02,-6.818404849198897501e-08,-2.650568843555269837e-08,2.035993968351336776e-06
1.491491491491491495e+01,3.983059044336128424e-02,3.364266919142878691e-08,-9.736504460786348959e-09,-6.140456029907493487e-07
1.496496496496496675e+01,3.983059121399292607e-02,-1.444581802091805171e-08,-1.735359623449449835e-08,6.093367354886238633e-07
1.501501501501501679e+01,3.983059140246777291e-02,2.322835921215724548e-08,-1.087954330015811109e-08,-3.829127977361647126e-07
1.506506506506506682e+01,3.983059185467668906e-02,1.298907116648503138e-08,-1.215610915657785009e-08,-1.369020022887564678e-07
1.511511511511511685e+01,3.983059268611201242e-02,-6.325623164171426349e-08,-2.414837643355040573e-08,1.814926363746830857e-06
1.516516516516516688e+01,3.983059240082596764e-02,3.136550170883644563e-08,-8.182054225709727161e-09,-6.474034328572966530e-07
1.521521521521521692e+01,3.983059292987430750e-02,-8.424725808656788832e-09,-1.412187266805011554e-08,3.636460241955429362e-07
1.526526526526526695e+01,3.983059309048531116e-02,4.738962433180962140e-09,-1.137743200773492154e-08,7.186056537393846496e-09
1.531531531531531698e+01,3.983059311552795967e-02,3.427330645653499931e-08,-5.931178939489623377e-09,-7.715327763894683288e-07
1.536536536536536701e+01,3.983059368962274527e-02,-2.786404134264712173e-08,-1.543504453998808616e-08,8.190106042233227184e-07
1.541541541541541704e+01,3.983059366632219628e-02,-2.111806753478578786e-11,-1.022998055382211462e-08,8.552592277543460478e-08
1.546546546546546708e+01,3.983059386754304876e-02,-1.194859490876117435e-08,-1.151195935167155027e-08,3.803912624744017187e-07
1.551551551551551711e+01,3.983059430985008698e-02,-6.598293134755936697e-08,-1.966818987503893875e-08,1.763988791653439402e-06
1.556556556556556714e+01,3.983059384572366912e-02,1.970505121029367364e-08,-5.008978620747815796e-09,-4.615751913301934079e-07
1.561561561561561717e+01,3.983059428234741323e-02,-4.051010452521804226e-08,-1.418477403089362925e-08,1.083375396484724959e-06
1.566566566566566721e+01,3.983059382939200394e-02,3.689159103907244109e-08,-8.975663406431702166e-10,-9.264409561977036870e-07
1.571571571571571724e+01,3.983059412231989421e-02,-6.557190242580076431e-09,-7.361568255349037573e-09,1.869584766551780840e-07
1.576576576576576727e+01,3.983059451968235659e-02,-6.910893118083604323e-08,-1.696333147439930851e-08,1.794718241471447254e-06
1.581581581581581730e+01,3.983059392035954299e-02,2.369863854694343768e-08,-1.213816774552279454e-09,-6.107448421468366189e-07
1.586586586586586733e+01,3.983059426654689261e-02,-3.515306707283599458e-08,-1.025488572824622918e-08,9.029529632407546334e-07
1.591591591591591737e+01,3.983059386297937293e-02,2.277651070850825465e-08,-2.489649298643318086e-10,-5.998855510191024606e-07
1.596596596596596740e+01,3.983059381831364348e-02,2.231904146914077113e-08,1.954905775861453313e-10,-5.934836856644616836e-07
1.601601601601601743e+01,3.983059403099748624e-02,-2.024246556714068003e-08,-6.263447547075550054e-09,5.014248470719918772e-07
1.606606606606606746e+01,3.983059366446752014e-02,2.764661664671327433e-08,2.021086744451536213e-09,-7.399930125936000192e-07
1.611611611611611750e+01,3.983059394114094737e-02,-2.721488448604341869e-08,-6.503392436008981684e-09,6.739469524680185036e-07
1.616616616616616753e+01,3.983059395889205351e-02,-4.192430649285730087e-08,-8.499517980120519106e-09,1.051048368954473029e-06
1.621621621621621756e+01,3.983059358275253120e-02,5.039525666713951204e-09,-4.526672430665288868e-10,-1.647648885536194612e-07
1.626626626626626759e+01,3.983059384060171071e-02,-4.878435924636014208e-08,-8.894387626222526623e-09,1.223958302928517719e-06
1.631631631631631763e+01,3.983059314379124721e-02,4.808204631775314210e-08,7.244922422859718335e-09,-1.280229050497150918e-06
1.636636636636636766e+01,3.983059350395220383e-02,-2.248219339360108747e-08,-3.986973211001922481e-09,5.418947545862331742e-07
1.641641641641641769e+01,3.983059357467587380e-02,-4.734669882194756036e-08,-7.782761564733585761e-09,1.183667206776853343e-06
1.646646646646646772e+01,3.983059310340582998e-02,1.355312664793706830e-08,2.401381203011662251e-09,-3.900909202737878060e-07
1.651651651651651775e+01,3.983059341557907557e-02,-4.937772008953994278e-08,-7.662873239655551227e-09,1.235871052196786843e-06
1.656656656656656779e+01,3.983059276782444091e-02,3.975989631339067608e-08,7.082970268602526082e-09,-1.066856481749947201e-06
1.661661661661661782e+01,3.983059292665364071e-02,1.569265462595067352e-09,1.011334135617863361e-09,-7.956117857887252425e-08
1.666666666666666785e+01,3.983059286812226651e-02,-1.888308385423240411e-09,5.898307081295133119e-10,1.056598811692159537e-08
1.671671671671671788e+01,3.983059249820459363e-02,4.432022175799745963e-08,8.258394063536355056e-09,-1.182327158875861436e-06
1.676676676676676792e+01,3.983059290123379392e-02,-3.130465252334952014e-08,-3.989573556533729467e-09,7.727471134304972334e-07
1.681681681681681795e+01,3.983059271836852239e-02,-1.374502180411679055e-08,-1.037945986365065891e-09,3.203678884391833186e-07
1.686686686686686798e+01,3.983059262901367942e-02,-1.045407313368495909e-08,-4.337979866347155925e-10,2.367678212429260372e-07
1.691691691691691801e+01,3.983059271810499014e-02,-3.484336313307361705e-08,-4.366134597586034595e-09,8.684373410767176292e-07
1.696696696696696804e+01,3.983059211503402891e-02,5.084205838727086663e-08,9.663243990192609429e-09,-1.343804805857663756e-06
1.701701701701701808e+01,3.983059258016398430e-02,-3.188525660390416978e-08,-3.824613769468166016e-09,7.952730485208094232e-07
1.706706706706706811e+01,3.983059244505652435e-02,-1.906027922345181074e-08,-1.720006190183765125e-09,4.656161306695718159e-07
1.711711711711711814e+01,3.983059227777083211e-02,-5.510537955100934613e-10,1.301758715883837133e-09,-1.088066396933394181e-08
1.716716716716716817e+01,3.983059280635437710e-02,-9.154135469914742611e-08,-1.356901160423497713e-08,2.341758915570326667e-06
1.721721721721721821e+01,3.983059207566903154e-02,1.727785213062170195e-08,4.182467826604343746e-09,-4.680637896134604925e-07
1.726726726726726824e+01,3.983059228792556333e-02,-2.250685762376233332e-08,-2.342645166943530167e-09,5.615604092840580131e-07
1.731731731731731827e+01,3.983059215146241006e-02,-6.559458073954962573e-09,2.270509785540744121e-10,1.512122345424555095e-07
1.736736736736736830e+01,3.983059183826951483e-02,3.789439967183782713e-08,7.446243275512922634e-09,-9.956914478488130388e-07
1.741741741741741833e+01,3.983059217968990678e-02,-2.068714329067827957e-08,-2.166460617466400640e-09,5.194744147195660325e-07
1.746746746746746837e+01,3.983059196288038506e-02,9.555213596072239196e-09,2.722592640694741529e-09,-2.603459424052413892e-07
1.751751751751751840e+01,3.983059215896392335e-02,-2.503812974711212697e-08,-2.980176689305523022e-09,6.349285533490756981e-07
1.756756756756756843e+01,3.983059208610945784e-02,-1.662034119458469553e-08,-1.661418764548586050e-09,4.188656275733303013e-07
1.761761761761761846e+01,3.983059169986476189e-02,4.181702000254749420e-08,7.824102050369986030e-09,-1.089615050955371084e-06
1.766766766766766850e+01,3.983059214012582561e-02,-3.008971531994843689e-08,-3.978435824335624742e-09,7.695207088025152764e-07
1.771771771771771853e+01,3.983059190694202695e-02,4.935676292631276290e-09,1.681452797952796519e-09,-1.342103596222108293e-07
1.776776776776776856e+01,3.983059203507720303e-02,-1.683865990350675798e-08,-1.934993190762665589e-09,4.295130625919839444e-07
1.781781781781781859e+01,3.983059243638556457e-02,-8.149323838338916488e-08,-1.255409431777776215e-08,2.101053863631771509e-06
1.786786786786786863e+01,3.983059183478912524e-02,1.282994012442164616e-08,2.790283939277911216e-09,-3.349721893410420278e-07
1.791791791791791866e+01,3.983059228848725986e-02,-5.951452694089567412e-08,-9.083094866801580733e-09,1.535101528564014635e-06
1.796796796796796869e+01,3.983059186875897301e-02,6.584386671548742772e-09,1.654209718230977286e-09,-1.718458170886778515e-07
1.801801801801801872e+01,3.983059182905367840e-02,1.279886498526815910e-08,2.613288464176954325e-09,-3.316378330418559721e-07
1.806806806806806875e+01,3.983059194976859563e-02,-6.152034204466654950e-09,-5.355947382342004130e-10,1.586945327811486358e-07
1.811811811811811879e+01,3.983059178379166898e-02,2.044496078321423841e-08,3.756051720742103723e-09,-5.278580707678491343e-07
1.816816816816816882e+01,3.983059214533673370e-02,-3.624569373894814564e-08,-5.551914671952061491e-09,9.374171954912462092e-07
1.821821821821821885e+01,3.983059192033469587e-02,7.950141925604461616e-12,3.213323119645886116e-10,1.236501528857133364e-09
1.826826826826826888e+01,3.983059178794889910e-02,2.173816885601741228e-08,3.825194554705226151e-09,-5.597650031631279786e-07
1.831831831831831892e+01,3.983059203926998110e-02,-1.712614701270841366e-08,-2.564187128571456857e-09,4.447500850883177955e-07
1.836836836836836895e+01,3.983059181226503154e-02,1.977640173503350293e-08,3.422611895248863798e-09,-5.083703759103070256e-07
1.841841841841841898e+01,3.983059214783694207e-02,-3.224812966415078829e-08,-5.110780472829431907e-09,8.360570348379443079e-07
1.846846846846846901e+01,3.983059225682337307e-02,-4.836470052921661029e-08,-7.777371392253167388e-09,1.252685640681621272e-06
1.851851851851851904e+01,3.983059194546800102e-02,2.065851524587292632e-09,4.265506000167985135e-10,-5.010213968754128431e-08
1.856856856856856908e+01,3.983059250998540607e-02,-8.603899872583853321e-08,-1.399136176904321775e-08,2.226392733337721123e-06
1.861861861861861911e+01,3.983059189020331931e-02,1.324089193688883033e-08,2.195323014794133888e-09,-3.385912018006938713e-07
1.866866866866866914e+01,3.983059210182118837e-02,-1.900188992569860904e-08,-3.094674590099556150e-09,4.945267743960495435e-07
1.871871871871871917e+01,3.983059193615300086e-02,8.444410225807195795e-09,1.365634492994311836e-09,-2.145683395948661086e-07
1.876876876876876921e+01,3.983059187704071635e-02,1.902394946654043927e-08,3.073725345529142618e-09,-4.879081788320834917e-07
1.881881881881881924e+01,3.983059223861048354e-02,-3.696803025975667583e-08,-6.087846955939738805e-09,9.587268531699443781e-07
1.886886886886886927e+01,3.983059194204754960e-02,1.113668795910816317e-08,1.752886882110438724e-09,-2.841972876046228868e-07
1.891891891891891930e+01,3.983059206074342912e-02,-6.485406910038697505e-09,-1.138293556614568069e-09,1.710344478222681937e-07
1.896896896896896934e+01,3.983059203229968870e-02,-8.646816244843236711e-10,-2.317397228022789092e-10,2.572554848314224925e-08
1.901901901901901937e+01,3.983059188971491832e-02,2.277372406488683387e-08,3.619112697646534216e-09,-5.851201161930062360e-07
1.906906906906906940e+01,3.983059229488914582e-02,-4.029074900705814290e-08,-6.687911142507613773e-09,1.044153946630504337e-06
1.911911911911911943e+01,3.983059213131130011e-02,-1.342210689953715805e-08,-2.306251675506219324e-09,3.498242180299381608e-07
1.916916916916916946e+01,3.983059213070872656e-02,-1.238667296596576487e-08,-2.141984014295359452e-09,3.229351672936078741e-07
1.921921921921921950e+01,3.983059261243078464e-02,-8.770937110915642511e-08,-1.444651753452710472e-08,2.268895899562567144e-06
1.926926926926926953e+01,3.983059198535398443e-02,1.233429702926520192e-08,1.889519204359314267e-09,-3.160713723530138430e-07
1.931931931931931956e+01,3.983059238949963193e-02,-5.082131015402897279e-08,-8.425615105886867605e-09,1.315520111435478427e-06
1.936936936936936959e+01,3.983059194978174483e-02,1.947393989063897096e-08,3.054324611186645510e-09,-5.008466315867750825e-07
1.941941941941941963e+01,3.983059203685192923e-02,6.374432500531005545e-09,9.158722910892667184e-10,-1.625527355703944266e-07
1.946946946946946966e+01,3.983059221782194598e-02,-2.163368659818340852e-08,-3.656502392009727151e-09,5.609336456864553741e-07
1.951951951951951969e+01,3.983059199165171066e-02,1.471811730989415795e-08,2.282561419159597053e-09,-3.784392264931790480e-07
1.956956956956956972e+01,3.983059232328120536e-02,-3.722862165857234206e-08,-6.197896537255182046e-09,9.635504754045732152e-07
1.961961961961961975e+01,3.983059200289506413e-02,1.392790506896082695e-08,2.160136504074135489e-09,-3.583249101023058754e-07
1.966966966966966979e+01,3.983059176778822735e-02,5.154459270282485176e-08,8.307428938628294618e-09,-1.330368906614727037e-06
1.971971971971971982e+01,3.983059226687837850e-02,-2.703963871368439123e-08,-4.521821816873463920e-09,6.998627413347190568e-07
1.976976976976976985e+01,3.983059172467595666e-02,5.907081409800835619e-08,9.545769239860716160e-09,-1.525099770694885320e-06
1.981981981981981988e+01,3.983059224784648439e-02,-2.340975278849838094e-08,-3.919223114050471886e-09,6.058119383714322974e-07
1.986986986986986992e+01,3.983059200656636351e-02,1.501047317639047732e-08,2.360455033881219862e-09,-3.869714785574299919e-07
1.991991991991991995e+01,3.983059207691731080e-02,4.090818282621080934e-09,5.825020070758744149e-10,-1.049592244826575306e-07
1.996996996996996998e+01,3.983059255527141712e-02,-7.141309448130744296e-08,-1.174271534114298419e-08,1.845716294551247761e-06
2.002002002002002001e+01,3.983059194738234471e-02,2.490025420739845520e-08,3.991820643081565762e-09,-6.428261346688545357e-07
2.007007007007007005e+01,3.983059218650496225e-02,-1.281992481804906856e-08,-2.162856787549745530e-09,3.316484640895694678e-07
2.012012012012012008e+01,3.983059209684979701e-02,1.446000664499145588e-09,1.723420030665343718e-10,-3.702968934134288731e-08
2.017017017017017011e+01,3.983059203806681159e-02,1.080142926252409077e-08,1.705518332231741901e-09,-2.788290733738082276e-07
2.022022022022022014e+01,3.983059249611572983e-02,-6.163328150888134771e-08,-1.011868101655302925e-08,1.592581532269253704e-06
2.027027027027027017e+01,3.983059195892903886e-02,2.336268996417496246e-08,3.767207062121615282e-09,-6.035213659298606153e-07
2.032032032032032021e+01,3.983059194512391515e-02,2.553666185436639980e-08,4.127155549625570360e-09,-6.597544733455322030e-07
2.037037037037037024e+01,3.983059218591862571e-02,-1.258633583813429895e-08,-2.094032308857231587e-09,3.251672703011635597e-07
2.042042042042042027e+01,3.983059169559485801e-02,6.494254014096992013e-08,1.057185285223702283e-08,-1.677990317119464459e-06
2.047047047047047030e+01,3.983059235890019228e-02,-4.005377283142010772e-08,-6.570918462569835981e-09,1.034742153395758715e-06
2.052052052052052034e+01,3.983059186750440711e-02,3.761893892078598631e-08,6.118025455106720707e-09,-9.721203207441004398e-07
2.057057057057057037e+01,3.983059215218980736e-02,-7.499557364033117111e-09,-1.246464197257708448e-09,1.935661214958772971e-07
2.062062062062062040e+01,3.983059256115129704e-02,-7.228796858528383992e-08,-1.182350879086850618e-08,1.867467124493238802e-06
2.067067067067067043e+01,3.983059195677081388e-02,2.323357404491806255e-08,3.779654868278798707e-09,-6.005386675846864996e-07
2.072072072072072046e+01,3.983059231489093077e-02,-3.352427722984233258e-08,-5.486381196606021079e-09,8.658867799475703009e-07
2.077077077077077050e+01,3.983059194430917105e-02,2.499869156623669631e-08,4.074019679403350262e-09,-6.461821275447697889e-07
2.082082082082082053e+01,3.983059209937316741e-02,3.579819593309073365e-10,5.260921877678322567e-11,-9.555906540582157133e-09
2.087087087087087056e+01,3.983059255247738129e-02,-7.143666165551503339e-08,-1.166980647451566131e-08,1.845385145336194947e-06
2.092092092092092059e+01,3.983059193555694988e-02,2.605227068532125574e-08,4.253492735534205900e-09,-6.734325981040305385e-07
2.097097097097097063e+01,3.983059217073969122e-02,-1.126705070193875140e-08,-1.839152217635445662e-09,2.907794184712272127e-07
2.102102102102102066e+01,3.983059208438177734e-02,2.284062718627162033e-09,3.757143575834060290e-10,-5.933996249166029585e-08
2.107107107107107069e+01,3.983059174859036877e-02,5.529854457232330579e-08,9.035196461541662761e-09,-1.429067827445446451e-06
2.112112112112112072e+01,3.983059237767767186e-02,-4.433480390622859223e-08,-7.234647867194839316e-09,1.145152539491687544e-06
2.117117117117117076e+01,3.983059176523284090e-02,5.245270965708333702e-08,8.573090919606474385e-09,-1.355530453426961586e-06
2.122122122122122079e+01,3.983059222513160580e-02,-2.040815791994791927e-08,-3.324861686728096925e-09,5.269757537208868954e-07
2.127127127127127082e+01,3.983059240811432505e-02,-4.945559351578423802e-08,-8.067746066477838946e-09,1.277480366269346080e-06
2.132132132132132085e+01,3.983059200329493177e-02,1.449489480918806216e-08,2.376836671197546686e-09,-3.747914106492213883e-07
2.137137137137137444e+01,3.983059239146440056e-02,-4.700624559859771351e-08,-7.666407618671413463e-09,1.214218494782211547e-06
2.142142142142142447e+01,3.983059182170702733e-02,4.304712756606700242e-08,7.040794975476010571e-09,-1.112468870303412164e-06
2.147147147147147450e+01,3.983059218112387778e-02,-1.389610588016234263e-08,-2.258349658986004676e-09,3.587804245751906302e-07
2.152152152152152453e+01,3.983059244879534611e-02,-5.631989889474900447e-08,-9.186418077645728103e-09,1.454892979792840924e-06
2.157157157157157457e+01,3.983059195997695756e-02,2.094259719052879023e-08,3.431545946020091368e-09,-5.413162392093127946e-07
2.162162162162162460e+01,3.983059241328368305e-02,-5.084019027312328401e-08,-8.291379914720592137e-09,1.313342201171980375e-06
2.167167167167167463e+01,3.983059200527026833e-02,1.364815337455684761e-08,2.240239634349530227e-09,-3.528222277431783276e-07
2.172172172172172466e+01,3.983059189595109656e-02,3.088599460527040876e-08,5.055236938297534940e-09,-7.981803645717351308e-07
2.177177177177177470e+01,3.983059228454253337e-02,-3.064402442141436352e-08,-4.993523458323484444e-09,7.915783704126379912e-07
2.182182182182182473e+01,3.983059173790690077e-02,5.578942269361041182e-08,9.121779306668943194e-09,-1.441579711036382691e-06
2.187187187187187476e+01,3.983059227482106668e-02,-2.919702262060936436e-08,-4.757793432588221816e-09,7.542197841723467439e-07
2.192192192192192479e+01,3.983059222590079607e-02,-2.149638474286320688e-08,-3.500551679402862361e-09,5.552724437960317068e-07
2.197197197197197482e+01,3.983059208974874810e-02,9.090264190961793349e-12,1.114078465300156578e-11,-3.494413461834345634e-10
2.202202202202202486e+01,3.983059235503307038e-02,-4.199115537669338074e-08,-6.848405635217053873e-09,1.084818882639917791e-06
2.207207207207207489e+01,3.983059176590737771e-02,5.118551485110618624e-08,8.367956677939324988e-09,-1.322565153615325348e-06
2.212212212212212492e+01,3.983059226150070797e-02,-2.724354639881065321e-08,-4.440873221829083755e-09,7.038096288898802422e-07
2.217217217217217495e+01,3.983059222560046686e-02,-2.158350743432019516e-08,-3.517006634990751335e-09,5.575825448136445605e-07
2.222222222222222499e+01,3.983059204973865564e-02,6.222589626470656818e-09,1.023555721584785503e-09,-1.608305177744473729e-07
2.227227227227227502e+01,3.983059242906393516e-02,-5.380236752773889698e-08,-8.779699017836730343e-09,1.390037589713562274e-06
2.232232232232232505e+01,3.983059208033888632e-02,1.357666412470645243e-09,2.280696970043996640e-10,-3.511749775539175025e-08
2.237237237237237508e+01,3.983059224562674611e-02,-2.479976014680614898e-08,-4.044226960257563265e-09,6.407175325234403450e-07
2.242242242242242511e+01,3.983059219571782189e-02,-1.690928202620664349e-08,-2.756105372615662723e-09,4.368597925216180781e-07
2.247247247247247515e+01,3.983059181114874392e-02,4.392875810733824327e-08,7.178966958408484833e-09,-1.134999184272191222e-06
2.252252252252252518e+01,3.983059226325370156e-02,-2.759830112063125600e-08,-4.502679492063397498e-09,7.130444867243359947e-07
2.257257257257257521e+01,3.983059207576858385e-02,2.063644470030391420e-09,3.410074190518044445e-10,-5.332217506172970200e-08
2.262262262262262524e+01,3.983059219324354416e-02,-1.651938856089663004e-08,-2.694245012854783285e-09,4.268110672145276120e-07
2.267267267267267528e+01,3.983059224814410743e-02,-2.520130828649620617e-08,-4.112515035251886103e-09,6.511297286272614087e-07
2.272272272272272531e+01,3.983059178991252974e-02,4.729879249034490362e-08,7.727184023692281868e-09,-1.222043523740838651e-06
2.277277277277277534e+01,3.983059229826074049e-02,-3.311901742254653067e-08,-5.406336670914487065e-09,8.557068015960411172e-07
2.282282282282282537e+01,3.983059199879786932e-02,1.426493834022889102e-08,2.331649712202315088e-09,-3.685442269647208370e-07
2.287287287287287540e+01,3.983059213213659827e-02,-6.822242892453591051e-09,-1.112460768883776446e-09,1.762858999618733553e-07
2.292292292292292544e+01,3.983059233144351646e-02,-3.834533885591539676e-08,-6.260853850426528582e-09,9.907472325971160006e-07
2.297297297297297547e+01,3.983059199979670922e-02,1.413233307801679086e-08,2.309058357257173748e-09,-3.651109073520349129e-07
2.302302302302302550e+01,3.983059232259238830e-02,-3.692650435216033806e-08,-6.029701342407082498e-09,9.540925499467103791e-07
2.307307307307307553e+01,3.983059209778775506e-02,-1.351210118250402625e-09,-2.200976640512841544e-10,3.493864337641251622e-08
2.312312312312312557e+01,3.983059194361301958e-02,2.305019456942395399e-08,3.764703219263290933e-09,-5.955169731193326547e-07
2.317317317317317560e+01,3.983059218619808273e-02,-1.531819126780243308e-08,-2.501498477664163904e-09,3.958036308031925035e-07
2.322322322322322563e+01,3.983059197799735524e-02,1.763060732046349187e-08,2.879229603078207965e-09,-4.554906846833050824e-07
2.327327327327327566e+01,3.983059228906571381e-02,-3.157228997560807118e-08,-5.156332389875785818e-09,8.157595354406283931e-07
2.332332332332332570e+01,3.983059213605755905e-02,-7.355471484239706384e-09,-1.201598610904766720e-09,1.900720026224224316e-07
2.337337337337337573e+01,3.983059188741547296e-02,3.199106218244007563e-08,5.224007980196426168e-09,-8.265206024301398796e-07
2.342342342342342576e+01,3.983059225047559659e-02,-2.543778576243671633e-08,-4.154892569403347989e-09,6.572620395256278657e-07
2.347347347347347579e+01,3.983059181722629905e-02,4.311426606644603909e-08,7.040341226776820855e-09,-1.113910823737121549e-06
2.352352352352352582e+01,3.983059223231564389e-02,-2.254652664095969559e-08,-3.682898736814774728e-09,5.825594214157058909e-07
2.357357357357357586e+01,3.983059214498635425e-02,-8.721869316048531395e-09,-1.425243618171959723e-09,2.253722798375416463e-07
2.362362362362362589e+01,3.983059199602414363e-02,1.485312770385056883e-08,2.424766472115745081e-09,-3.837334684803215630e-07
2.367367367367367592e+01,3.983059233304626218e-02,-3.845806055918205348e-08,-6.281602431870265881e-09,9.936610399226813826e-07
2.372372372372372595e+01,3.983059203130384640e-02,9.286915567380663866e-09,1.515664733199754944e-09,-2.399220801655977685e-07
2.377377377377377599e+01,3.983059212570863594e-02,-5.641523763629618456e-09,-9.223414606740697208e-10,1.457812382351333451e-07
2.382382382382382602e+01,3.983059208871216061e-02,2.181116034119958234e-10,3.459170913148056966e-11,-5.614794138367578129e-09
2.387387387387387605e+01,3.983059195269615660e-02,2.174282142065351291e-08,3.549818971405326314e-09,-5.617477423018709213e-07
2.392392392392392608e+01,3.983059233776160141e-02,-3.917128088444416618e-08,-6.398144550631147282e-09,1.012082275185917791e-06
2.397397397397397611e+01,3.983059204608583453e-02,6.978910968213130463e-09,1.138719768987473009e-09,-1.802966934019151891e-07
2.402402402402402615e+01,3.983059204513909879e-02,7.133505134023959188e-09,1.163984416181149671e-09,-1.842922010235807170e-07
2.407407407407407618e+01,3.983059215297241745e-02,-9.922014457066928143e-09,-1.621353403526144639e-09,2.563682192862023844e-07
2.412412412412412621e+01,3.983059172220708433e-02,5.823176055406148710e-08,9.508963560322588804e-09,-1.504514980458825124e-06
2.417417417417417624e+01,3.983059230834917752e-02,-3.449603382310918384e-08,-5.634511314011572087e-09,8.912821535690751672e-07
2.422422422422422628e+01,3.983059194183865420e-02,2.349144226342418635e-08,3.835540538705719283e-09,-6.069353760918137812e-07
2.427427427427427631e+01,3.983059206356589360e-02,4.236254553775510323e-09,6.909868942674217924e-10,-1.094422286897199118e-07
2.432432432432432634e+01,3.983059223846984603e-02,-2.343217596529320632e-08,-3.827543032363970369e-09,6.054230394243624380e-07
2.437437437437437637e+01,3.983059200930867683e-02,1.282471024369799395e-08,2.093662378044849268e-09,-3.313433750198398558e-07
2.442442442442442641e+01,3.983059232382951675e-02,-3.693264407902529828e-08,-6.032237839047124061e-09,9.542312094500431438e-07
2.447447447447447644e+01,3.983059200004267913e-02,1.429400541371069125e-08,2.333702789733754690e-09,-3.693073113041768926e-07
2.452452452452452647e+01,3.983059200211765127e-02,1.396698183703957892e-08,2.280340799317717290e-09,-3.608589116666000372e-07
2.457457457457457650e+01,3.983059229107006188e-02,-3.174612342580086989e-08,-5.185086132596106618e-09,8.202249949015534197e-07
2.462462462462462653e+01,3.983059199795131039e-02,1.462786265821453917e-08,2.388359363347560911e-09,-3.779356029920197777e-07
2.467467467467467657e+01,3.983059223565769275e-02,-2.297825951064695668e-08,-3.753105594862651209e-09,5.936891393869407617e-07
2.472472472472472660e+01,3.983059227761458210e-02,-2.961578024083292528e-08,-4.837045432123592323e-09,7.651814163473836980e-07
2.477477477477477663e+01,3.983059195087577248e-02,2.207650102287692343e-08,3.604935860341353374e-09,-5.703872536336696909e-07
2.482482482482482666e+01,3.983059254088675005e-02,-7.126698728834416797e-08,-1.163908011420184070e-08,1.841318158204955571e-06
2.487487487487487670e+01,3.983059192576834939e-02,2.604844781363695568e-08,4.253680053439730647e-09,-6.730110669791610525e-07
2.492492492492492673e+01,3.983059216882876841e-02,-1.240555719927159453e-08,-2.026260026890263208e-09,3.205206002837459988e-07
2.497497497497497676e+01,3.983059206091661697e-02,4.666395515191723418e-09,7.618206413159547285e-10,-1.205660539575570383e-07
2.502502502502502679e+01,3.983059203033176982e-02,9.504578193218521168e-09,1.551985297471125941e-09,-2.455700233735038619e-07
2.507507507507507682e+01,3.983059248376023820e-02,-6.223128992566707820e-08,-1.016326808598578779e-08,1.607861803186950682e-06
2.512512512512512686e+01,3.983059194474953407e-02,2.304290759108419433e-08,3.763011805885170825e-09,-5.953589935436749318e-07
2.517517517517517689e+01,3.983059210701252878e-02,-2.628883300356508993e-09,-4.294560096269825860e-10,6.792016285390375500e-08
2.522522522522522692e+01,3.983059216531525948e-02,-1.185355567912789433e-08,-1.935923654243366641e-09,3.062568734552968089e-07
2.527527527527527695e+01,3.983059199910352066e-02,1.444133855880016737e-08,2.358357262902959658e-09,-3.731217135769630189e-07
2.532532532532532699e+01,3.983059241021911362e-02,-5.060062195484592052e-08,-8.263714258843407269e-09,1.307360507332792854e-06
2.537537537537537702e+01,3.983059214425784672e-02,-8.524773555985315146e-09,-1.392227284686140443e-09,2.202511184517372383e-07
2.542542542542542705e+01,3.983059207178912126e-02,2.939325093627850663e-09,4.800098274665527314e-10,-7.594566212363338099e-08
2.547547547547547708e+01,3.983059261458671285e-02,-8.293559616348435931e-08,-1.354432743552044462e-08,2.142795672267211387e-06
2.552552552552552712e+01,3.983059193755650318e-02,2.417394228992846235e-08,3.947897740480099606e-09,-6.245822975340548748e-07
2.557557557557557715e+01,3.983059229857100619e-02,-3.294173428836708552e-08,-5.379730160012626789e-09,8.511094799031767976e-07
2.562562562562562718e+01,3.983059191375731833e-02,2.793732983267451749e-08,4.562527779545013023e-09,-7.218165142544589624e-07
2.567567567567567721e+01,3.983059209282192176e-02,-3.926882797850165914e-10,-6.407680729039796016e-11,1.014324737685129400e-08
2.572572572572572724e+01,3.983059255741505655e-02,-7.389509818452014448e-08,-1.206784984303292096e-08,1.909217391778697669e-06
2.577577577577577728e+01,3.983059193016298682e-02,2.533932145501524918e-08,4.138270900102953275e-09,-6.546918727028099270e-07
2.582582582582582731e+01,3.983059224088730810e-02,-2.382001152178860527e-08,-3.890002600535825691e-09,6.154327594421482357e-07
2.587587587587587734e+01,3.983059201144839578e-02,1.247792203440747350e-08,2.037869361468919075e-09,-3.223930681149247178e-07
2.592592592592592737e+01,3.983059204738575304e-02,6.791690464048369286e-09,1.109246997929170237e-09,-1.754783991795427643e-07
2.597597597597597741e+01,3.983059252252858784e-02,-6.837958318925330291e-08,-1.116707659396319083e-08,1.766714050062414360e-06
2.602602602602602744e+01,3.983059204600709891e-02,7.008483389230218466e-09,1.144656965212540005e-09,-1.810794426937341898e-07
2.607607607607607747e+01,3.983059221623046209e-02,-1.992252605526587918e-08,-3.253482911718905462e-09,5.147343474120407622e-07
2.612612612612612750e+01,3.983059248409757253e-02,-6.230135407764578660e-08,-1.017442861970411051e-08,1.609671814819789671e-06
2.617617617617617753e+01,3.983059199395336258e-02,1.524203221173327122e-08,2.489290835945658820e-09,-3.938084411078759588e-07
2.622622622622622757e+01,3.983059238531708179e-02,-4.667465986637153650e-08,-7.622412366711197668e-09,1.205926780602965398e-06
2.627627627627627760e+01,3.983059180189268272e-02,4.562632053691670577e-08,7.451389365148336454e-09,-1.178843893227403491e-06
2.632632632632632763e+01,3.983059217791481976e-02,-1.386315832527422465e-08,-2.263923308036112583e-09,3.581796722088706716e-07
2.637637637637637766e+01,3.983059247345560605e-02,-6.061994196008842715e-08,-9.899842014039491925e-09,1.566229919003287481e-06
2.642642642642642770e+01,3.983059196279049863e-02,2.017017005364791289e-08,3.294102246350562602e-09,-5.211356567114186693e-07
2.647647647647647773e+01,3.983059235743131865e-02,-4.226479297543325045e-08,-6.902242738446565713e-09,1.091990067560347610e-06
2.652652652652652776e+01,3.983059187488197789e-02,3.407729656026892692e-08,5.565288115501021952e-09,-8.804524228414143366e-07
2.657657657657657779e+01,3.983059213117245978e-02,-6.469703934314966608e-09,-1.056503327903049965e-09,1.671562920959844155e-07
2.662662662662662783e+01,3.983059250167892557e-02,-6.508636262821444684e-08,-1.062927629192355986e-08,1.681628874118225096e-06
2.667667667667667786e+01,3.983059200238263375e-02,1.390529051664004768e-08,2.270958030821281467e-09,-3.592701274127623823e-07
2.672672672672672789e+01,3.983059235092455824e-02,-4.123638336972321022e-08,-6.734310466663515204e-09,1.065419625777831345e-06
2.677677677677677792e+01,3.983059229759063763e-02,-3.279873839841876558e-08,-5.356350810043943252e-09,8.474171539769449279e-07
2.682682682682682795e+01,3.983059208690795799e-02,5.324976647870529100e-10,8.701629348716329083e-11,-1.375843557105751590e-08
2.687687687687687799e+01,3.983059235662317343e-02,-4.213822230121928367e-08,-6.881603169492203494e-09,1.088720568925212308e-06
2.692692692692692802e+01,3.983059175257534085e-02,5.342590547404175492e-08,8.725105284923148572e-09,-1.380359753253837521e-06
2.697697697697697805e+01,3.983059225657911706e-02,-2.631070492397533049e-08,-4.296796880199006884e-09,6.797867805586692032e-07
2.702702702702702808e+01,3.983059230320782490e-02,-3.368767571766545560e-08,-5.501544195037156727e-09,8.703848593799979188e-07
2.707707707707707812e+01,3.983059203890265687e-02,8.127069553090633386e-09,1.327277103075198504e-09,-2.099782962189251325e-07
2.712712712712712815e+01,3.983059239155377351e-02,-4.766454818346717607e-08,-7.784134220675315073e-09,1.231503948935525772e-06
2.717717717717717818e+01,3.983059178966615738e-02,4.755789624536049178e-08,7.766773989135934000e-09,-1.228748360327717333e-06
2.722722722722722821e+01,3.983059214755152455e-02,-9.061789961951701450e-09,-1.479870072503772606e-09,2.341285944499504409e-07
2.727727727727727824e+01,3.983059202772312041e-02,9.895867347217901729e-09,1.616128544915723440e-09,-2.556783849274681338e-07
2.732732732732732828e+01,3.983059178431623548e-02,4.840442728788187028e-08,7.905012800469313582e-09,-1.250619997415933782e-06
2.737737737737737831e+01,3.983059225407048487e-02,-2.591359709771485590e-08,-4.231971323185048096e-09,6.695270601034412680e-07
2.742742742742742834e+01,3.983059210488089363e-02,-2.310793990469457081e-09,-3.773668852672583236e-10,5.970392248037893167e-08
2.747747747747747837e+01,3.983059219777360105e-02,-1.700693401612017535e-08,-2.777416669105283361e-09,4.394065746266888156e-07
2.752752752752752841e+01,3.983059224953786753e-02,-2.519629165406267169e-08,-4.114834472408409770e-09,6.509941667063959435e-07
2.757757757757757844e+01,3.983059177634219045e-02,4.966632930122540216e-08,8.111083609988598792e-09,-1.283223539826703732e-06
2.762762762762762847e+01,3.983059228851037331e-02,-3.136182756927166083e-08,-5.121740838770199725e-09,8.102924938617921545e-07
2.767767767767767850e+01,3.983059213679576022e-02,-7.359536243598442257e-09,-1.201894551349786784e-09,1.901478060211752686e-07
2.772772772772772854e+01,3.983059213925031761e-02,-7.747780068690236428e-09,-1.265300781301147995e-09,2.001788248127048779e-07
2.777777777777777857e+01,3.983059230610698498e-02,-3.414547443916946837e-08,-5.576346889135116167e-09,8.822132983900997092e-07
2.782782782782782860e+01,3.983059177730949307e-02,4.951370801745537251e-08,8.086150870190915961e-09,-1.279280260436171299e-06
2.787787787787787863e+01,3.983059232330377064e-02,-3.686595228024757256e-08,-6.020634355882969586e-09,9.525019977036526401e-07
2.792792792792792866e+01,3.983059192598754211e-02,2.599206041476207512e-08,4.244795331534873066e-09,-6.715539140411895827e-07
2.797797797797797870e+01,3.983059184327509411e-02,3.907776951441839193e-08,6.381840082761257411e-09,-1.009648018151347796e-06
2.802802802802802873e+01,3.983059217639765143e-02,-1.362424711253981436e-08,-2.225001276436156007e-09,3.520084742456752989e-07
2.807807807807807876e+01,3.983059199671637463e-02,1.480253523155121066e-08,2.417416019101710977e-09,-3.824513390022305820e-07
2.812812812812812879e+01,3.983059228536123958e-02,-3.086283409727380944e-08,-5.040260319764815081e-09,7.974000303024933422e-07
2.817817817817817883e+01,3.983059214069357978e-02,-7.975432238490625425e-09,-1.302486846203417535e-09,2.060606104621117113e-07
2.822822822822822886e+01,3.983059187363675868e-02,3.427470458035124702e-08,5.597442267309994211e-09,-8.855517705667878619e-07
2.827827827827827889e+01,3.983059223897678774e-02,-2.352433487073036156e-08,-3.841800557717809230e-09,6.077959645118881624e-07
2.832832832832832892e+01,3.983059201093622909e-02,1.255317498544038327e-08,2.050068313550648226e-09,-3.243348992358593712e-07
2.837837837837837895e+01,3.983059224634953599e-02,-2.469064326111682648e-08,-4.032272203038174887e-09,6.379297321332102538e-07
2.842842842842842899e+01,3.983059218996072570e-02,-1.576952911555814769e-08,-2.575352460319774379e-09,4.074358273575193233e-07
2.847847847847847902e+01,3.983059183868779829e-02,3.980410853006294642e-08,6.500456726128979835e-09,-1.028414453998323820e-06
2.852852852852852905e+01,3.983059245982223384e-02,-5.846323794017323102e-08,-9.547722036583407178e-09,1.510508701688191285e-06
2.857857857857857908e+01,3.983059186260112794e-02,3.602094555091668860e-08,5.882623348452610115e-09,-9.306692880887999891e-07
2.862862862862862912e+01,3.983059200360977714e-02,1.371252133550341878e-08,2.239403354579068151e-09,-3.542888720546035711e-07
2.867867867867867915e+01,3.983059207902654719e-02,1.781142548644587948e-09,2.908733145105156984e-10,-4.601909458206545746e-08
2.872872872872872918e+01,3.983059196159510068e-02,2.035956532427892928e-08,3.324942010452019005e-09,-5.260278728700676006e-07
2.877877877877877921e+01,3.983059232591287802e-02,-3.727778173816065035e-08,-6.087894090748331250e-09,9.631422332836411926e-07
2.882882882882882924e+01,3.983059205328676883e-02,5.853410176751746034e-09,9.559219929111154623e-10,-1.512338758934104225e-07
2.887887887887887928e+01,3.983059203245759711e-02,9.148735851291137024e-09,1.494086615577021419e-09,-2.363748697224529017e-07
2.892892892892892931e+01,3.983059214452775582e-02,-8.581454210234899352e-09,-1.401455366954735082e-09,2.217181906926018489e-07
2.897897897897897934e+01,3.983059195094109523e-02,2.204519069493927207e-08,3.600225550716195218e-09,-5.695792423415384003e-07
2.902902902902902937e+01,3.983059232633645586e-02,-3.734471460962212180e-08,-6.098823248037679060e-09,9.648715300746311480e-07
2.907907907907907941e+01,3.983059208305071014e-02,1.144634610832135908e-09,1.869270021127038325e-10,-2.957377215563790091e-08
2.912912912912912944e+01,3.983059196848279249e-02,1.927000932001437391e-08,3.147007864081725062e-09,-4.978771916210738689e-07
2.917917917917917947e+01,3.983059246971409895e-02,-6.002794131412464107e-08,-9.803251887993840077e-09,1.550935669822897752e-06
2.922922922922922950e+01,3.983059185408120706e-02,3.736907073797518332e-08,6.102791816211360196e-09,-9.655007623729140053e-07
2.927927927927927954e+01,3.983059222835971802e-02,-2.184415006260241355e-08,-3.567402405396546836e-09,5.643850332292853287e-07
2.932932932932932957e+01,3.983059199110058901e-02,1.569174240786932959e-08,2.562637449240824974e-09,-4.054259042978192354e-07
2.937937937937937960e+01,3.983059200344038486e-02,1.373950712503940167e-08,2.243815478491445424e-09,-3.549862094033505683e-07
2.942942942942942963e+01,3.983059227425825993e-02,-2.910559150681482990e-08,-4.753277669420375634e-09,7.519981247537804776e-07
2.947947947947947966e+01,3.983059200650969356e-02,1.325391750657899020e-08,2.164513765918652855e-09,-3.424400882943056634e-07
2.952952952952952970e+01,3.983059222660177007e-02,-2.156604083530375003e-08,-3.521982435172422554e-09,5.571995352492655379e-07
2.957957957957957973e+01,3.983059204449646007e-02,7.244163036817859584e-09,1.183052846323423758e-09,-1.871666954166157787e-07
2.962962962962962976e+01,3.983059196717162603e-02,1.947743441668856322e-08,3.180885896788857254e-09,-5.032364524893059386e-07
2.967967967967967979e+01,3.983059233366478130e-02,-3.850410180314151408e-08,-6.288160287031463617e-09,9.948264403708339610e-07
2.972972972972972983e+01,3.983059209512362225e-02,-7.653920985775618430e-10,-1.249981775359886439e-10,1.977533813890145086e-08
2.977977977977977986e+01,3.983059221341594958e-02,-1.947999181800756024e-08,-3.181305634340699562e-09,5.033024949047540682e-07
2.982982982982982989e+01,3.983059259013650016e-02,-7.907956633775653641e-08,-1.291459598158126568e-08,2.043170475181575833e-06
2.987987987987987992e+01,3.983059203523991315e-02,8.708567668741809079e-09,1.422208123534632190e-09,-2.250023739655387810e-07
2.992992992992993351e+01,3.983059249332292912e-02,-6.376306348090245636e-08,-1.041323596995447524e-08,1.647439589380385164e-06
2.997997997997998354e+01,3.983059194805571579e-02,2.250164356027063509e-08,3.674775099502583304e-09,-5.813726359484489433e-07
3.003003003003003357e+01,3.983059210540655648e-02,-2.392259620137105736e-09,-3.906831932101209523e-10,6.180854003894873888e-08
3.008008008008008360e+01,3.983059215482725318e-02,-1.021093287071051856e-08,-1.667561627233936984e-09,2.638187841139396680e-07
3.013013013013013364e+01,3.983059200749312911e-02,1.309824772515460588e-08,2.139093621323402849e-09,-3.384180799949618007e-07
3.018018018018018367e+01,3.983059240746422702e-02,-5.017971080583533286e-08,-8.194918905066819287e-09,1.296487925119752593e-06
3.023023023023023370e+01,3.983059196892099751e-02,1.920058894412943452e-08,3.135675739033694348e-09,-4.960836319073798313e-07
3.028028028028028373e+01,3.983059204874307008e-02,6.572225556172470521e-09,1.073319978001492437e-09,-1.698059256202428911e-07
3.033033033033033377e+01,3.983059224074766286e-02,-2.380411816697643257e-08,-3.887483483686342904e-09,6.150244947999448578e-07
3.038038038038038380e+01,3.983059195155839310e-02,2.194744306683896970e-08,3.584268528785156165e-09,-5.670538130636533612e-07
3.043043043043043383e+01,3.983059228098786986e-02,-3.017038515533233481e-08,-4.927167437428575710e-09,7.795090714780113855e-07
3.048048048048048386e+01,3.983059235735682962e-02,-4.225244109091974071e-08,-6.900304997519426156e-09,1.091671889478434123e-06
3.053053053053053389e+01,3.983059209726950295e-02,-1.104989856250130263e-09,-1.804567063050673778e-10,2.854949089999238900e-08
3.058058058058058393e+01,3.983059258492132465e-02,-7.825459108881501129e-08,-1.277986683720254385e-08,2.021855680123774622e-06
3.063063063063063396e+01,3.983059193849937396e-02,2.401343687523002692e-08,3.921668993814952862e-09,-6.204326749522118503e-07
3.068068068068068399e+01,3.983059223651980174e-02,-2.313528022127684727e-08,-3.778254466217822233e-09,5.977438046531505856e-07
3.073073073073073402e+01,3.983059200068973793e-02,1.417451943690492296e-08,2.314861509823420010e-09,-3.662255909366215656e-07
3.078078078078078406e+01,3.983059205300861633e-02,5.897339532497388965e-09,9.631035796466569151e-10,-1.523689573992864168e-07
3.083083083083083409e+01,3.983059252981158843e-02,-6.953590262055281124e-08,-1.135600555791897077e-08,1.796591841599841447e-06
3.088088088088088412e+01,3.983059192961565381e-02,2.541887851978077381e-08,4.151193599337639181e-09,-6.567449192119076252e-07
3.093093093093093415e+01,3.983059217541379954e-02,-1.346794217940465528e-08,-2.199467934189221612e-09,3.479698061381420172e-07
3.098098098098098419e+01,3.983059209339657319e-02,-4.923014654751923671e-10,-8.039778095557257533e-11,1.271953327317534920e-08
3.103103103103103422e+01,3.983059189847938664e-02,3.034482415221856534e-08,4.955656650872641213e-09,-7.840160593411932883e-07
3.108108108108108425e+01,3.983059229026097298e-02,-3.163749692968159147e-08,-5.166763617391378041e-09,8.174146968505876798e-07
3.113113113113113428e+01,3.983059210653085852e-02,-2.570236326165665065e-09,-4.197483395734278916e-10,6.640692166812299055e-08
3.118118118118118431e+01,3.983059217951704506e-02,-1.411711195468555307e-08,-2.305484909099633278e-09,3.647423418896852293e-07
3.123123123123123435e+01,3.983059251637861148e-02,-6.741073956932320326e-08,-1.100894240119545566e-08,1.741684232443190893e-06
3.128128128128128438e+01,3.983059197307859539e-02,1.854275034799630883e-08,3.028243182240678402e-09,-4.790871075326123302e-07
3.133133133133133441e+01,3.983059235235957701e-02,-4.146189447523544868e-08,-6.771199992069205643e-09,1.071246633553542254e-06
3.138138138138138444e+01,3.983059186327341655e-02,3.591462188123516749e-08,5.865267947167846204e-09,-9.279223365279025545e-07
3.143143143143143448e+01,3.983059213239458635e-02,-6.662046496182879406e-09,-1.087987823251577806e-09,1.721265975005734272e-07
3.148148148148148451e+01,3.983059252457119004e-02,-6.870685952412958734e-08,-1.122061374238965231e-08,1.775171951261050436e-06
3.153153153153153454e+01,3.983059193747152255e-02,2.417601269560542761e-08,3.948219035426871293e-09,-6.246331156518308950e-07
3.158158158158158457e+01,3.983059230878739643e-02,-3.456850125217864886e-08,-5.645430386568844371e-09,8.931427554298317963e-07
3.163163163163163460e+01,3.983059194267888486e-02,2.335217667605981614e-08,3.813677153349025925e-09,-6.033477496600179192e-07
3.168168168168168464e+01,3.983059194327751712e-02,2.325746980146654683e-08,3.798210411614766803e-09,-6.009008176862240994e-07
3.173173173173173467e+01,3.983059221243471365e-02,-1.932489740337044639e-08,-3.155976036930197330e-09,4.992953561165315300e-07
3.178178178178178470e+01,3.983059190588018189e-02,2.917396460537180918e-08,4.764441465819680102e-09,-7.537646753348378009e-07
3.183183183183183473e+01,3.983059225379362994e-02,-2.586813841764876347e-08,-4.224562002413206747e-09,6.683523912408997871e-07
3.188188188188188477e+01,3.983059234248428893e-02,-3.989955993349116354e-08,-6.516053255089690135e-09,1.030880763491461372e-06
3.193193193193193480e+01,3.983059204781707469e-02,6.718653597378715165e-09,1.097232897533832595e-09,-1.735891497776452172e-07
3.198198198198198483e+01,3.983059238832043630e-02,-4.715112657936924249e-08,-7.700316869681376701e-09,1.218238733784253874e-06
3.203203203203203486e+01,3.983059177676986223e-02,4.960003429602154924e-08,8.100251594529317475e-09,-1.281510903398070107e-06
3.208208208208208134e+01,3.983059222205199285e-02,-2.084640764397286950e-08,-3.404456172301500753e-09,5.386064585590168034e-07
3.213213213213213493e+01,3.983059237568867955e-02,-4.515270147029509373e-08,-7.373951300476505414e-09,1.166605633290900737e-06
3.218218218218218141e+01,3.983059199363280650e-02,1.529094883613108832e-08,2.497186430293248924e-09,-3.950706459243098413e-07
3.223223223223223499e+01,3.983059251886246488e-02,-6.780369679887859339e-08,-1.107311730936292217e-08,1.751837033657200455e-06
3.228228228228228147e+01,3.983059198464147105e-02,1.671343497504175916e-08,2.729494621544997356e-09,-4.318232716537052659e-07
3.233233233233233506e+01,3.983059198513830973e-02,1.663483260204981904e-08,2.716657946366167210e-09,-4.297924303513130157e-07
3.238238238238238154e+01,3.983059223133480348e-02,-2.231500627242268710e-08,-3.644295161673353154e-09,5.765504880955211573e-07
3.243243243243243512e+01,3.983059174959490550e-02,5.389928597300033870e-08,8.802368344082547557e-09,-1.392590219642315889e-06
3.248248248248248160e+01,3.983059227418157822e-02,-2.909363453144243205e-08,-4.751322514998521645e-09,7.516891982933295533e-07
3.253253253253253519e+01,3.983059215671472253e-02,-1.050963629805203037e-08,-1.716343569892456047e-09,2.715363770983468727e-07
3.258258258258258167e+01,3.983059214168770124e-02,-8.132266339367434629e-09,-1.328091935586193688e-09,2.101125177501220996e-07
3.263263263263263525e+01,3.983059230699258213e-02,-3.428454107359598117e-08,-5.599056796500023582e-09,8.858061082354558686e-07
3.268268268268268173e+01,3.983059176377080207e-02,5.165657228787414590e-08,8.436107583635099912e-09,-1.334645460697817134e-06
3.273273273273273531e+01,3.983059228524846174e-02,-3.084448405509960923e-08,-5.037256241149726287e-09,7.969257142384118690e-07
3.278278278278278179e+01,3.983059220488654323e-02,-1.813072073743712978e-08,-2.960953631698672086e-09,4.684415393488156342e-07
3.283283283283283538e+01,3.983059208405553830e-02,9.855079362412377020e-10,1.609446219806574747e-10,-2.546246417194166209e-08
3.288288288288288186e+01,3.983059265714036790e-02,-8.968012821977518606e-08,-1.464578824051983231e-08,2.317056106546085562e-06
3.293293293293293544e+01,3.983059197419215602e-02,1.836658846368644468e-08,2.999473386228860208e-09,-4.745356263722242097e-07
3.298298298298298192e+01,3.983059222502799424e-02,-2.131722436471625393e-08,-3.481346032929080954e-09,5.507709003806319204e-07
3.303303303303303551e+01,3.983059212894653200e-02,-6.116531042627615163e-09,-9.988993755288167116e-10,1.580321747344501366e-07
3.308308308308308199e+01,3.983059184671181030e-02,3.853478265336903880e-08,6.293169615290855454e-09,-9.956191532208436865e-07
3.313313313313313557e+01,3.983059222140810512e-02,-2.074453554780380717e-08,-3.387819411010179485e-09,5.359743989842869271e-07
3.318318318318318205e+01,3.983059202602415999e-02,1.016643606826219317e-08,1.660294944132219157e-09,-2.626691459085694981e-07
3.323323323323323564e+01,3.983059224443563640e-02,-2.438763617783121836e-08,-3.982779306804566345e-09,6.301008092568812509e-07
3.328328328328328212e+01,3.983059219435926279e-02,-1.646523808047935182e-08,-2.688961302025567819e-09,4.254106370795182125e-07
3.333333333333333570e+01,3.983059182447334229e-02,4.205304895571579254e-08,6.867742656075929998e-09,-1.086520232568680357e-06
3.338338338338338218e+01,3.983059228149480463e-02,-3.025062935804961631e-08,-4.940272980973926155e-09,7.815823514065172566e-07
3.343343343343343577e+01,3.983059205693255389e-02,5.276534598063525926e-09,8.617182540723425650e-10,-1.363292727736635457e-07
3.348348348348348225e+01,3.983059219424437553e-02,-1.644706189678671088e-08,-2.685992912691749611e-09,4.249410206410992130e-07
3.353353353353353583e+01,3.983059259946838959e-02,-8.055605629230281300e-08,-1.315572316588636505e-08,2.081318412214055140e-06
3.358358358358358231e+01,3.983059200699801822e-02,1.317649567908535283e-08,2.151872044556249701e-09,-3.404397422096182216e-07
3.363363363363363590e+01,3.983059246439864254e-02,-5.918717038646130389e-08,-9.665940276564412680e-09,1.529212739059921919e-06
3.368368368368368237e+01,3.983059204812527260e-02,6.669902544174015448e-09,1.089271152598603877e-09,-1.723295751385519871e-07
3.373373373373373596e+01,3.983059200959989526e-02,1.276486132128960331e-08,2.084647466141346302e-09,-3.298043884548518596e-07
3.378378378378378244e+01,3.983059213126739773e-02,-6.483705354849089817e-09,-1.058863091681117741e-09,1.675188180875273631e-07
3.383383383383383602e+01,3.983059196033146565e-02,2.055943788842476335e-08,3.357590759831654123e-09,-5.311920491119520819e-07
3.388388388388388250e+01,3.983059232033524938e-02,-3.639543364480388243e-08,-5.943789603053490995e-09,9.403450173838779284e-07
3.393393393393393609e+01,3.983059209044450405e-02,-2.526676892015845570e-11,-4.126372964639123809e-12,6.528148583808457336e-10
3.398398398398398257e+01,3.983059195439349331e-02,2.149886169701554234e-08,3.511009394210477354e-09,-5.554638440225162996e-07
3.403403403403403615e+01,3.983059220077126567e-02,-1.747965617190054020e-08,-2.854627308853302994e-09,4.516200505948520081e-07
3.408408408408408263e+01,3.983059196500539356e-02,1.981999231058346226e-08,3.236830872457784204e-09,-5.120870711010170874e-07
3.413413413413413622e+01,3.983059229532520673e-02,-3.243868587071528603e-08,-5.297607533955374026e-09,8.381149383220600826e-07
3.418418418418418980e+01,3.983059239198444984e-02,-4.773078867701735200e-08,-7.794982400196209558e-09,1.233215401161408660e-06
3.423423423423423628e+01,3.983059207765100168e-02,1.998746715706506022e-09,3.264181358103237686e-10,-5.164141025097960509e-08
3.428428428428428987e+01,3.983059263339357170e-02,-8.592323505222598687e-08,-1.403224465817202556e-08,2.219989648705208777e-06
3.433433433433433635e+01,3.983059200666909383e-02,1.322853273417154626e-08,2.160370325693050956e-09,-3.417842186136408356e-07
3.438438438438438993e+01,3.983059221267620104e-02,-1.936309215041266866e-08,-3.162213880689893755e-09,5.002821891342407230e-07
3.443443443443443641e+01,3.983059203811372545e-02,8.253794218734657756e-09,1.347938768148988890e-09,-2.132524192438758408e-07
3.448448448448449000e+01,3.983059197085057207e-02,1.889524926312802038e-08,3.085809795103735205e-09,-4.881945816666348088e-07
3.453453453453453648e+01,3.983059232553426421e-02,-3.721794905735194881e-08,-6.078115730391170300e-09,9.615962619826949325e-07
3.458458458458459006e+01,3.983059201986087483e-02,1.114150890283974949e-08,1.819535527687589556e-09,-2.878620019042186205e-07
3.463463463463463654e+01,3.983059213409315125e-02,-6.930757320897912222e-09,-1.131871746865280245e-09,1.790692527643959509e-07
3.468468468468469013e+01,3.983059209659074729e-02,-9.976397454927493004e-10,-1.629259502814985852e-10,2.577591371995736607e-08
3.473473473473473661e+01,3.983059170331729182e-02,6.122070244391439718e-08,9.998039229334182497e-09,-1.581752894351513010e-06
3.478478478478479019e+01,3.983059231615802137e-02,-3.573456733380770352e-08,-5.835862565899799521e-09,9.232702833494528681e-07
3.483483483483483667e+01,3.983059184943844172e-02,3.810341605615119784e-08,6.222722599464751066e-09,-9.844739806787447706e-07
3.488488488488489025e+01,3.983059211542566702e-02,-3.977441183104496677e-09,-6.495615218458929595e-10,1.027647322237546202e-07
3.493493493493493673e+01,3.983059216157879695e-02,-1.127915744275451922e-08,-1.842015097906204765e-09,2.914184125231124687e-07
3.498498498498499032e+01,3.983059201930371634e-02,1.122965676064505438e-08,1.833931083034063691e-09,-2.901394688648297499e-07
3.503503503503503680e+01,3.983059240966059511e-02,-5.052726421586888558e-08,-8.251678746918281759e-09,1.305467647537288765e-06
3.508508508508509038e+01,3.983059196785702916e-02,1.936884644234599964e-08,3.163153624966019936e-09,-5.004308624701614583e-07
3.513513513513513686e+01,3.983059204687952604e-02,6.866989452697212963e-09,1.121457734822349226e-09,-1.774216893138617015e-07
3.518518518518519045e+01,3.983059223205616395e-02,-2.242912459004675924e-08,-3.662931951409232131e-09,5.794989490640581572e-07
3.523523523523523693e+01,3.983059199587099530e-02,1.493685918852759200e-08,2.439359538338415171e-09,-3.859220707175268991e-07
3.528528528528529051e+01,3.983059232160322122e-02,-3.659603316618523004e-08,-5.976549763719658097e-09,9.455278861439701154e-07
3.533533533533533699e+01,3.983059200525988774e-02,1.345147812717298339e-08,2.196779862920601587e-09,-3.475444353767421444e-07
3.538538538538539058e+01,3.983059176777146299e-02,5.102364494286426951e-08,8.332743395029883801e-09,-1.318292584751648498e-06
3.543543543543543706e+01,3.983059226527459890e-02,-2.768448965101047360e-08,-4.521193029110373281e-09,7.152812672285960608e-07
3.548548548548549064e+01,3.983059172282672061e-02,5.813418797181213649e-08,9.493976201224903480e-09,-1.502006942237536162e-06
3.553553553553553712e+01,3.983059223639796864e-02,-2.311602433259081635e-08,-3.775110517710459237e-09,5.972463060141857090e-07
3.558558558558559071e+01,3.983059200121723958e-02,1.409105009656109388e-08,2.301229261950485614e-09,-3.640689895064487174e-07
3.563563563563563719e+01,3.983059206231873844e-02,4.424408118984529430e-09,7.225563322254868624e-10,-1.143129704630673500e-07
3.568568568568569077e+01,3.983059253888385914e-02,-7.097120027475918913e-08,-1.159040676822262645e-08,1.833675488095717195e-06
3.573573573573573725e+01,3.983059193265736653e-02,2.493765622491562068e-08,4.072603799646893709e-09,-6.443116190340708683e-07
3.578578578578579084e+01,3.983059216994005308e-02,-1.260196230782440284e-08,-2.058044226896346876e-09,3.255955837670623123e-07
3.583583583583583732e+01,3.983059208505948523e-02,8.266799922660749779e-10,1.350062786825551307e-10,-2.135884463420142981e-08
3.588588588588589090e+01,3.983059202035110075e-02,1.106395494947145512e-08,1.806870084275454565e-09,-2.858582483547533240e-07
3.593593593593593738e+01,3.983059247790184804e-02,-6.132345999079058166e-08,-1.001482070231774165e-08,1.584407830168427050e-06
3.598598598598599096e+01,3.983059194289352567e-02,2.331823215689916721e-08,3.808133370678567772e-09,-6.024707285226858881e-07
3.603603603603603744e+01,3.983059193119997676e-02,2.516822520266286290e-08,4.110258342861681662e-09,-6.502688055996304705e-07
3.608608608608609103e+01,3.983059217160701132e-02,-1.286568491642420179e-08,-2.101113139492659032e-09,3.324093572845602358e-07
3.613613613613613751e+01,3.983059168329067951e-02,6.438904076626171966e-08,1.051546502591352663e-08,-1.663612920463653034e-06
3.618618618618619109e+01,3.983059234338207771e-02,-4.004158306021870052e-08,-6.539247378665907855e-09,1.034550198949068005e-06
3.623623623623623757e+01,3.983059185523828150e-02,3.718584519056590242e-08,6.072872804668732284e-09,-9.607667979029812944e-07
3.628628628628629116e+01,3.983059213681276745e-02,-7.361015485648633605e-09,-1.202137815148163385e-09,1.901857882081431052e-07
3.633633633633633764e+01,3.983059254486288198e-02,-7.191711893496388676e-08,-1.174488608143917419e-08,1.858115089763946683e-06
3.638638638638639122e+01,3.983059194254240376e-02,2.337378264573324930e-08,3.817205397483414321e-09,-6.039059806773813948e-07
3.643643643643643770e+01,3.983059230231235370e-02,-3.354409413027484121e-08,-5.478133302325737200e-09,8.666752561775557070e-07
3.648648648648649129e+01,3.983059193381099927e-02,2.475514566497111205e-08,4.042797739259937637e-09,-6.395961127111198020e-07
3.653653653653653777e+01,3.983059208733154971e-02,4.672269046725394763e-10,7.630348502867044150e-11,-1.207169271670070061e-08
3.658658658658659135e+01,3.983059254024060719e-02,-7.118584296887186929e-08,-1.162546037331155460e-08,1.839221189020629699e-06
3.663663663663663783e+01,3.983059192507885926e-02,2.613662645316801101e-08,4.268409313962084473e-09,-6.752892875293030684e-07
3.668668668668669142e+01,3.983059216413505771e-02,-1.168357158726913751e-08,-1.908060547401345823e-09,3.018672186988556595e-07
3.673673673673673790e+01,3.983059207581001598e-02,2.290007089428926187e-09,3.739842862516532512e-10,-5.916667394762691889e-08
3.678678678678679148e+01,3.983059174389455559e-02,5.480112783212650373e-08,8.949649445293433962e-09,-1.415891015480062683e-06
3.683683683683683796e+01,3.983059237068471009e-02,-4.436102985017040556e-08,-7.244662325603766573e-09,1.146151294484911816e-06
3.688688688688689155e+01,3.983059176001509105e-02,5.225075672566845602e-08,8.533144744184577870e-09,-1.349997343603639713e-06
3.693693693693693803e+01,3.983059221975053521e-02,-2.048229183958317452e-08,-3.344991956788733581e-09,5.291988347802601285e-07
3.698698698698699161e+01,3.983059239962211118e-02,-4.893911035457339256e-08,-7.992315107214592430e-09,1.264434682269041742e-06
3.703703703703703809e+01,3.983059199846854248e-02,1.452591566759940003e-08,2.372247765979361810e-09,-3.753045657695169074e-07
3.708708708708709167e+01,3.983059238789976586e-02,-4.708456173168950301e-08,-7.689446157151316540e-09,1.216518903217283202e-06
3.713713713713713815e+01,3.983059181861578479e-02,4.297975816198298161e-08,7.019084898138658781e-09,-1.110463522126075160e-06
3.718718718718719174e+01,3.983059217872417929e-02,-1.399166324878696264e-08,-2.284998251309527546e-09,3.615011418620862688e-07
3.723723723723723822e+01,3.983059243810809641e-02,-5.502783526300661383e-08,-8.986673356141019246e-09,1.421748431722368446e-06
3.728728728728729180e+01,3.983059200777872705e-02,1.305298668309735022e-08,2.131701656815148201e-09,-3.372486534557250237e-07
3.733733733733733828e+01,3.983059239896118847e-02,-4.883454678093773661e-08,-7.975238682811233458e-09,1.261733084135468811e-06
3.738738738738739187e+01,3.983059222554301976e-02,-2.139869790753992985e-08,-3.494651523998751836e-09,5.528759226294739528e-07
3.743743743743743835e+01,3.983059214081334509e-02,-7.993928888433908189e-09,-1.305499797326136631e-09,2.065383056893332937e-07
3.748748748748749193e+01,3.983059230780473109e-02,-3.441301922956621244e-08,-5.620038686807118527e-09,8.891255832025038061e-07
3.753753753753753841e+01,3.983059174981847667e-02,5.386392761811323894e-08,8.796593956531085317e-09,-1.391676671453435080e-06
3.758758758758759200e+01,3.983059227670903563e-02,-2.949348401644832789e-08,-4.816622455531979432e-09,7.620200657742066570e-07
3.763763763763763848e+01,3.983059222968745455e-02,-2.205437278718296201e-08,-3.601730712942161279e-09,5.698165260020894722e-07
3.768768768768769206e+01,3.983059208695437919e-02,5.269010125315449694e-10,8.604894658867386385e-11,-1.361348641447478762e-08
3.773773773773773854e+01,3.983059235836314965e-02,-4.241167871053483135e-08,-6.926311043164946384e-09,1.095786112701503765e-06
3.778778778778779213e+01,3.983059176952728070e-02,5.074587009128360402e-08,8.287379586034269920e-09,-1.311115744835754674e-06
3.783783783783783861e+01,3.983059226165301669e-02,-2.711152524192675019e-08,-4.427621409870307937e-09,7.004776457230967971e-07
3.788788788788789219e+01,3.983059222871786903e-02,-2.190097761779626629e-08,-3.576679531473369427e-09,5.658532710302957828e-07
3.793793793793793867e+01,3.983059204826899097e-02,6.647172792106197603e-09,1.085559159429405544e-09,-1.717423090878555670e-07
3.798798798798799226e+01,3.983059243080516731e-02,-5.387246341275164401e-08,-8.797987950291130251e-09,1.391897209903078686e-06
3.803803803803803874e+01,3.983059207995650469e-02,1.634009127351528852e-09,2.668523337811207507e-10,-4.221772313705185220e-08
3.808808808808809232e+01,3.983059224525032499e-02,-2.451651630209114908e-08,-4.003826841323233591e-09,6.334306708060973504e-07
3.813813813813813880e+01,3.983059219874891116e-02,-1.715969875930719328e-08,-2.802374596679729622e-09,4.433533444158008671e-07
3.818818818818819238e+01,3.983059181308674923e-02,4.385448838952218291e-08,7.161938324973024468e-09,-1.133063835656913435e-06
3.823823823823823886e+01,3.983059226775140238e-02,-2.807632877319382424e-08,-4.585184834562246726e-09,7.254051737772276867e-07
3.828828828828829245e+01,3.983059207638631194e-02,2.198835985737585817e-09,3.590950044430656119e-10,-5.681109567990418041e-08
3.833833833833833893e+01,3.983059219314427635e-02,-1.627301009482282323e-08,-2.657568220724746171e-09,4.204440620097464269e-07
3.838838838838839251e+01,3.983059225086484079e-02,-2.540476763520202445e-08,-4.148888418655872991e-09,6.563803277142217548e-07
3.843843843843843899e+01,3.983059179240489717e-02,4.712648804122067108e-08,7.696293201103067567e-09,-1.217602148879934838e-06
3.848848848848849258e+01,3.983059230105458898e-02,-3.334510328452916819e-08,-5.445635827860276136e-09,8.615339504703277969e-07
3.853853853853853906e+01,3.983059200110428133e-02,1.410892897910592530e-08,2.304149082258467962e-09,-3.645309242716174324e-07
3.858858858858859264e+01,3.983059213226144285e-02,-6.640962304456160200e-09,-1.084544916627412234e-09,1.715818493731011675e-07
3.863863863863863912e+01,3.983059233355807499e-02,-3.848736006420490027e-08,-6.285425032092569114e-09,9.943939017472037239e-07
3.868868868868869271e+01,3.983059199921972632e-02,1.440707514500797612e-08,2.352839752990726757e-09,-3.722340956170691372e-07
3.873873873873873919e+01,3.983059232409665723e-02,-3.699050448354934899e-08,-6.040971436904713598e-09,9.557198004650757747e-07
3.878878878878879277e+01,3.983059209859156347e-02,-1.314175956465561363e-09,-2.146199283229572009e-10,3.395422691392630232e-08
3.883883883883883925e+01,3.983059194528068558e-02,2.294057201425380026e-08,3.746457157352643264e-09,-5.927131628541047727e-07
3.888888888888889284e+01,3.983059218887079200e-02,-1.559692005997128753e-08,-2.547155003781436090e-09,4.029759943990023338e-07
3.893893893893893932e+01,3.983059197763169634e-02,1.782243755514808962e-08,2.910607403267501704e-09,-4.604764574536516992e-07
3.898898898898899290e+01,3.983059229011303576e-02,-3.161408207439657207e-08,-5.162940313473792436e-09,8.168097362783727344e-07
3.903903903903903938e+01,3.983059213642802660e-02,-7.300143942227693090e-09,-1.192196799090260860e-09,1.886130564919585498e-07
3.908908908908909297e+01,3.983059188927758065e-02,3.180061716754923316e-08,5.193403622363777655e-09,-8.216292239960812253e-07
3.913913913913913944e+01,3.983059225235661277e-02,-2.564077657667206019e-08,-4.187431371392925402e-09,6.624780660806246847e-07
3.918918918918919303e+01,3.983059181824786382e-02,4.303796520806539492e-08,7.028590773391732031e-09,-1.111967411511632625e-06
3.923923923923923951e+01,3.983059223320689624e-02,-2.261117128121845370e-08,-3.692662259415328976e-09,5.842024705222903786e-07
3.928928928928929309e+01,3.983059214502547574e-02,-8.660313641377738309e-09,-1.414328030201851227e-09,2.237556189311465211e-07
3.933933933933933957e+01,3.983059199570860437e-02,1.496255769336823429e-08,2.443556391214525754e-09,-3.865860401960233336e-07
3.938938938938939316e+01,3.983059233416533923e-02,-3.858343360350720746e-08,-6.301114937096313208e-09,9.968761437463424367e-07
3.943943943943943964e+01,3.983059203063719911e-02,9.436633676824554304e-09,1.541109949580876528e-09,-2.438133185959049661e-07
3.948948948948949322e+01,3.983059212766604934e-02,-5.913942784016386557e-09,-9.658143336170565592e-10,1.527979219644278168e-07
3.953953953953953970e+01,3.983059208907144266e-02,1.919672175215436833e-10,3.135043690226877919e-11,-4.959836946856150742e-09
3.958958958958959329e+01,3.983059195240584022e-02,2.181332767811335528e-08,3.562365295712221329e-09,-5.635886686883641598e-07
3.963963963963963977e+01,3.983059233858923798e-02,-3.928332307486976052e-08,-6.415414873365715462e-09,1.014959114910499160e-06
3.968968968968969335e+01,3.983059204506868289e-02,7.153480528750780337e-09,1.168244990166620427e-09,-1.848237291977990387e-07
3.973973973973973983e+01,3.983059204739421155e-02,6.785567051788874503e-09,1.108160521557850204e-09,-1.753179871243355042e-07
3.978978978978979342e+01,3.983059241773436593e-02,-5.180458269787073519e-08,-8.460279434983882525e-09,1.338469591870788508e-06
3.983983983983983990e+01,3.983059187161065717e-02,3.459563335480518712e-08,5.649861656383078864e-09,-8.938437652694398714e-07
3.988988988988989348e+01,3.983059233609219374e-02,-3.888827653032374081e-08,-6.350899265238948483e-09,1.004752338604445469e-06
3.993993993993993996e+01,3.983059195875397057e-02,2.080901200140180158e-08,3.398349086650377434e-09,-5.376402694552846678e-07
3.998998998998999355e+01,3.983059204717685070e-02,6.819955235669381085e-09,1.113776504338179303e-09,-1.762064710385895217e-07
4.004004004004004003e+01,3.983059221234688113e-02,-1.931098695952380187e-08,-3.153704505198545770e-09,4.989359529273915714e-07
4.009009009009009361e+01,3.983059200496554680e-02,1.349804817108142000e-08,2.204385276452034727e-09,-3.487476606445071889e-07
4.014014014014014009e+01,3.983059231687364338e-02,-3.584777984017623224e-08,-5.854351464261177957e-09,9.261953432191801146e-07
4.019019019019019368e+01,3.983059200297604796e-02,1.381280066546998756e-08,2.255787950048257604e-09,-3.568798879642421013e-07
4.024024024024024015e+01,3.983059199958068064e-02,1.434996911484735717e-08,2.343513686819384670e-09,-3.707586530803683423e-07
4.029029029029029374e+01,3.983059229570852511e-02,-3.249932448566473954e-08,-5.307510499638606198e-09,8.396816519906820248e-07
4.034034034034034022e+01,3.983059199691132979e-02,1.477227816088900891e-08,2.412481572500302802e-09,-3.816698077902261967e-07
4.039039039039039380e+01,3.983059223194099913e-02,-2.241089933737281149e-08,-3.659955565920642755e-09,5.790280652298569348e-07
4.044044044044044028e+01,3.983059227820694853e-02,-2.973046467969207714e-08,-4.855324101168317553e-09,7.681429104077717352e-07
4.049049049049049387e+01,3.983059194841309658e-02,2.244500297287012144e-08,3.665525078615673396e-09,-5.799091972958292825e-07
4.054054054054054035e+01,3.983059253694113538e-02,-7.066384665445282069e-08,-1.154021241972286867e-08,1.825734424756340585e-06
4.059059059059059393e+01,3.983059192526167136e-02,2.610770434295840879e-08,4.263686003067416654e-09,-6.745420300037873579e-07
4.064064064064064041e+01,3.983059216675393505e-02,-1.209789622331522066e-08,-1.975724488013729888e-09,3.125720810264494813e-07
4.069069069069069400e+01,3.983059206563462767e-02,3.899815495545189957e-09,6.368843665103427553e-10,-1.007591255983390043e-07
4.074074074074074048e+01,3.983059202826649825e-02,9.811689136246492560e-09,1.602360785383740996e-09,-2.535035873229823205e-07
4.079079079079079406e+01,3.983059248107834877e-02,-6.182600290757609079e-08,-1.009689169775883477e-08,1.597391979033253631e-06
4.084084084084084054e+01,3.983059194493032001e-02,2.299599875324411800e-08,3.755508976291845263e-09,-5.941452177183940243e-07
4.089089089089089413e+01,3.983059210567853337e-02,-2.435383726017344750e-09,-3.977259497899267116e-10,6.292275494017779354e-08
4.094094094094094061e+01,3.983059216840945799e-02,-1.235981217617192014e-08,-2.018498351533984422e-09,3.193391761416364834e-07
4.099099099099099419e+01,3.983059199760070890e-02,1.466320952840429958e-08,2.394669420339143498e-09,-3.788518129252786642e-07
4.104104104104104067e+01,3.983059240859410099e-02,-5.035853944826249133e-08,-8.224124073289181202e-09,1.301108323479184260e-06
4.109109109109109426e+01,3.983059214328462522e-02,-8.384905121115644471e-09,-1.369350676516914661e-09,2.166399177628273138e-07
4.114114114114114074e+01,3.983059207053005202e-02,3.125327578867912730e-09,5.104016529472965564e-10,-8.074876219495383193e-08
4.119119119119119432e+01,3.983059261117889716e-02,-8.240873079979429722e-08,-1.345828600756301390e-08,2.129185769597257993e-06
4.124124124124124080e+01,3.983059193645280271e-02,2.433719419444887414e-08,3.974541494614477120e-09,-6.287975442368350744e-07
4.129129129129129439e+01,3.983059229840947568e-02,-3.292663576993332875e-08,-5.377295307934384039e-09,8.507220490077173222e-07
4.134134134134134086e+01,3.983059191599434140e-02,2.757385292438431868e-08,4.503124794869630561e-09,-7.124227577541517792e-07
4.139139139139139445e+01,3.983059209192021249e-02,-2.587302998726680428e-10,-4.225361011205907456e-11,6.684787733333866726e-09
4.144144144144144093e+01,3.983059255566660101e-02,-7.362633621249417764e-08,-1.202402076601555156e-08,1.902275958017983370e-06
4.149149149149149451e+01,3.983059192958167405e-02,2.542425028665062701e-08,4.152070157570745493e-09,-6.568836989417557524e-07
4.154154154154154099e+01,3.983059224118987857e-02,-2.387413346940259620e-08,-3.898918394936511820e-09,6.168334926560625003e-07
4.159159159159159458e+01,3.983059201263736832e-02,1.228431489346636717e-08,2.006168783711231281e-09,-3.173885607320079139e-07
4.164164164164164106e+01,3.983059204674051917e-02,6.888981867880334153e-09,1.125049340913482345e-09,-1.779899049243067474e-07
4.169169169169169464e+01,3.983059252169772468e-02,-6.825224543811949037e-08,-1.114637042520908849e-08,1.763426136035853285e-06
4.174174174174174112e+01,3.983059204452132213e-02,7.240071833648327949e-09,1.182386338191965491e-09,-1.870609796963274555e-07
4.179179179179179471e+01,3.983059221657231364e-02,-1.997948065828021851e-08,-3.262877153634936560e-09,5.162077547945455913e-07
4.184184184184184119e+01,3.983059247983256057e-02,-6.162891400880302271e-08,-1.006470483185826373e-08,1.592299813742943445e-06
4.189189189189189477e+01,3.983059199355929586e-02,1.530258561631380331e-08,2.499086830642212733e-09,-3.953713061218397060e-07
4.194194194194194125e+01,3.983059238583605555e-02,-4.675807328904659286e-08,-7.636126868869979560e-09,1.208083455413673675e-06
4.199199199199199484e+01,3.983059180278369221e-02,4.548449119620601032e-08,7.428136381617771261e-09,-1.175178047911363063e-06
4.204204204204204132e+01,3.983059217837930932e-02,-1.393710665980865749e-08,-2.276088537353631936e-09,3.600915689577310088e-07
4.209209209209209490e+01,3.983059247034670403e-02,-6.012818975789202526e-08,-9.819619438707232547e-09,1.553525758031494253e-06
4.214214214214214138e+01,3.983059196267301622e-02,2.018899202531524103e-08,3.297092750197159619e-09,-5.216208780973680687e-07
4.219219219219219497e+01,3.983059235844808171e-02,-4.242512130893096816e-08,-6.928506372360192637e-09,1.096133427705650231e-06
4.224224224224224145e+01,3.983059187491118369e-02,3.407346747634991887e-08,5.564586010566664134e-09,-8.803526200104151632e-07
4.229229229229229503e+01,3.983059199339689799e-02,1.532828003336722176e-08,2.503283022117798960e-09,-3.960351700914740462e-07
4.234234234234234151e+01,3.983059215044845031e-02,-9.518266431477691650e-09,-1.554441509941781546e-09,2.459224555522376151e-07
4.239239239239239510e+01,3.983059184287576771e-02,3.914167283237207289e-08,6.392281772459923887e-09,-1.011299312389896044e-06
4.244244244244244157e+01,3.983059227144305353e-02,-2.866037589418714269e-08,-4.680566393017325690e-09,7.404951382340149659e-07
4.249249249249249516e+01,3.983059226623174992e-02,-2.783591541396724383e-08,-4.545922589661467351e-09,7.191936389263618558e-07
4.254254254254254164e+01,3.983059209550465773e-02,-8.258124931792324876e-10,-1.348646025801300887e-10,2.133643112663304194e-08
4.259259259259259522e+01,3.983059235555599931e-02,-4.196757584524733150e-08,-6.853783977635979673e-09,1.084311873353893877e-06
4.264264264264264170e+01,3.983059175492580789e-02,5.305590960314134053e-08,8.664635395909316995e-09,-1.370799994412057227e-06
4.269269269269269529e+01,3.983059225563876510e-02,-2.616003909983325847e-08,-4.272232866133358708e-09,6.758941976530918140e-07
4.274274274274274887e+01,3.983059230287753355e-02,-3.363351070211714212e-08,-5.492736049669673053e-09,8.689855027930663507e-07
4.279279279279279535e+01,3.983059203529948356e-02,8.699024238422018441e-09,1.420649912260870588e-09,-2.247557805824594007e-07
4.284284284284284894e+01,3.983059239285782066e-02,-4.786896145815739562e-08,-7.817547581903553655e-09,1.236785356999880666e-06
4.289289289289289542e+01,3.983059179313210019e-02,4.701143118114114399e-08,7.677503103256245869e-09,-1.214629436804472331e-06
4.294294294294294900e+01,3.983059214541083415e-02,-8.721287454403792736e-09,-1.424285749605316706e-09,2.253309929706556774e-07
4.299299299299299548e+01,3.983059203227799772e-02,9.177041971632029696e-09,1.498715662186948982e-09,-2.371062748236093301e-07
4.304304304304304907e+01,3.983059178649227955e-02,4.806189359600726172e-08,7.849055601179699375e-09,-1.241770124490297565e-06
4.309309309309309555e+01,3.983059225770840123e-02,-2.648747145149927787e-08,-4.325706305099306266e-09,6.843540331209418809e-07
4.314314314314314913e+01,3.983059210393138927e-02,-2.158977778226736069e-09,-3.525857047877050422e-10,5.578128333944308940e-08
4.319319319319319561e+01,3.983059219589438205e-02,-1.670810433093047178e-08,-2.728624073599136638e-09,4.316855463393967442e-07
4.324324324324324920e+01,3.983059225122511510e-02,-2.546177522775875970e-08,-4.158198408764744021e-09,6.578532269281458088e-07
4.329329329329329568e+01,3.983059177757208164e-02,4.947312327768409343e-08,8.079525510057033453e-09,-1.278231918364457791e-06
4.334334334334334926e+01,3.983059229018735825e-02,-3.162584805419790535e-08,-5.164861832214940257e-09,8.171137326709604478e-07
4.339339339339339574e+01,3.983059213587926417e-02,-7.213333060223986377e-09,-1.178019591564799553e-09,1.863701328030146530e-07
4.344344344344344933e+01,3.983059213761492440e-02,-7.487925850743467589e-09,-1.222863727306886790e-09,1.934647580487572161e-07
4.349349349349349581e+01,3.983059230732231837e-02,-3.433670586850936865e-08,-5.607575843660158678e-09,8.871538828541602528e-07
4.354354354354354939e+01,3.983059177874111872e-02,4.928817484298611524e-08,8.049321320447742278e-09,-1.273453424976259249e-06
4.359359359359359587e+01,3.983059232278450545e-02,-3.678292266705649257e-08,-6.007070957729010943e-09,9.503565307564702031e-07
4.364364364364364945e+01,3.983059192770779799e-02,2.572070591043992564e-08,4.200484743441906363e-09,-6.645431919272107848e-07
4.369369369369369593e+01,3.983059184553688903e-02,3.872066179754509453e-08,6.323525866821193696e-09,-1.000421694260253320e-06
4.374374374374374952e+01,3.983059217870158625e-02,-1.398809503622837647e-08,-2.284415520986545390e-09,3.614089503132630201e-07
4.379379379379379600e+01,3.983059199531688993e-02,1.502452146700822738e-08,2.453675782405214127e-09,-3.881869917417402677e-07
4.384384384384384958e+01,3.983059228549981623e-02,-3.088424857740148884e-08,-5.043750176145260234e-09,7.979531044534642286e-07
4.389389389389389606e+01,3.983059214058680408e-02,-7.958094327713640345e-09,-1.299647604130074143e-09,2.056124518765095316e-07
4.394394394394394965e+01,3.983059187472853119e-02,3.410236068969022341e-08,5.569304601972769107e-09,-8.810991309453846318e-07
4.399399399399399613e+01,3.983059224059466719e-02,-2.377996996432403657e-08,-3.883540420167064656e-09,6.144006000111887248e-07
4.404404404404404971e+01,3.983059200949776169e-02,1.278101884684571282e-08,2.087286206597532352e-09,-3.302218488918285842e-07
4.409409409409409619e+01,3.983059224645588148e-02,-2.470725179980521387e-08,-4.034976124008414411e-09,6.383586839343826314e-07
4.414414414414414978e+01,3.983059218963537484e-02,-1.571789002234850460e-08,-2.566910778848344496e-09,4.061014826821666589e-07
4.419419419419419626e+01,3.983059183997268021e-02,3.960095453463818031e-08,6.467287714761494633e-09,-1.023165725756840958e-06
4.424424424424424984e+01,3.983059245988954805e-02,-5.847380547816629036e-08,-9.549439609613370176e-09,1.510781604206326401e-06
4.429429429429429632e+01,3.983059186292946946e-02,3.596904595759110921e-08,5.874155604745035716e-09,-9.293284832258197517e-07
4.434434434434434991e+01,3.983059200674742700e-02,1.321613753987684193e-08,2.158346053792947858e-09,-3.414639651130078254e-07
4.439439439439439639e+01,3.983059207955410436e-02,1.697660743522752225e-09,2.772473693251956911e-10,-4.386228329835782010e-08
4.444444444444444997e+01,3.983059196087827825e-02,2.047292625543395250e-08,3.343462449613984490e-09,-5.289568571422573046e-07
4.449449449449449645e+01,3.983059232669172028e-02,-3.740106837261615984e-08,-6.108021204372807731e-09,9.663274967821271093e-07
4.454454454454455004e+01,3.983059205228465377e-02,6.011861149691229105e-09,9.818055198547494035e-10,-1.553278285488605790e-07
4.459459459459459651e+01,3.983059203446594893e-02,8.830893477765106140e-09,1.442185663651061965e-09,-2.281628723448357836e-07
4.464464464464465010e+01,3.983059214468890469e-02,-8.607073098896210905e-09,-1.405633242186624439e-09,2.223800485978062334e-07
4.469469469469469658e+01,3.983059195009081010e-02,2.217957410542782913e-08,3.622177516045184260e-09,-5.730513393732413090e-07
4.474474474474475016e+01,3.983059232720011916e-02,-3.748149874923350062e-08,-6.121156402567777976e-09,9.684055680212289659e-07
4.479479479479479664e+01,3.983059230090112840e-02,-3.332083284644252271e-08,-5.441672188239972989e-09,8.609068776970887907e-07
4.484484484484485023e+01,3.983059212302605956e-02,-5.179875850401809626e-09,-8.459328278411530924e-10,1.338319112794803457e-07
4.489489489489489671e+01,3.983059267679309179e-02,-9.278931470259237476e-08,-1.515355379937094034e-08,2.397387831580387527e-06
4.494494494494495029e+01,3.983059200737024824e-02,1.311760245296896486e-08,2.142254149830101445e-09,-3.389181243648875440e-07
4.499499499499499677e+01,3.983059231054743299e-02,-3.484694112352992052e-08,-5.690903082493953200e-09,9.003367778412004726e-07
4.504504504504505036e+01,3.983059199926564098e-02,1.439980149579670934e-08,2.351651883169564554e-09,-3.720461671012226263e-07
4.509509509509509684e+01,3.983059200190890159e-02,1.398162024551940543e-08,2.283358113631036188e-09,-3.612416618193394838e-07
4.514514514514515042e+01,3.983059228625697445e-02,-3.100403874720462501e-08,-5.063313277658497869e-09,8.010481105578859317e-07
4.519519519519519690e+01,3.983059200607528411e-02,1.332247291741487032e-08,2.175711834206594963e-09,-3.442113411549693137e-07
4.524524524524525049e+01,3.983059222273577921e-02,-2.095458520605336545e-08,-3.422122852041725197e-09,5.414014291398566932e-07
4.529529529529529697e+01,3.983059204805217829e-02,6.681462056332297168e-09,1.091158987927357561e-09,-1.726282372300614427e-07
4.534534534534535055e+01,3.983059196525442353e-02,1.978058962627187676e-08,3.230395978643250720e-09,-5.110690279733921053e-07
4.539539539539539703e+01,3.983059233629004242e-02,-3.891958723727518158e-08,-6.356012660980664508e-09,1.005561310069882336e-06
4.544544544544545062e+01,3.983059209384588045e-02,-5.633916420076086240e-10,-9.200828340773241828e-11,1.455629100623817091e-08
4.549549549549549710e+01,3.983059221169031605e-02,-1.920712504474707442e-08,-3.136742669512773010e-09,4.962524834847729641e-07
4.554554554554555068e+01,3.983059258521665785e-02,-7.830134849294509012e-08,-1.278750361240874384e-08,2.023063761975355364e-06
4.559559559559559716e+01,3.983059203291279549e-02,9.076607267953194708e-09,1.482313529133208842e-09,-2.345113538754560226e-07
4.564564564564565075e+01,3.983059248974409744e-02,-6.319698857033897054e-08,-1.032078929918596584e-08,1.632813992394576319e-06
4.569569569569569722e+01,3.983059194828101474e-02,2.246588630902488719e-08,3.668935565656709795e-09,-5.804487578704162749e-07
4.574574574574575081e+01,3.983059210372637271e-02,-2.126550000539280672e-09,-3.472898786967089405e-10,5.494345023456540184e-08
4.579579579579579729e+01,3.983059215887363447e-02,-1.085119509372200356e-08,-1.772123968947307186e-09,2.803611941663622941e-07
4.584584584584585087e+01,3.983059200589825904e-02,1.335047541880878326e-08,2.180284962187580885e-09,-3.449348388584844416e-07
4.589589589589589735e+01,3.983059240537197704e-02,-4.984878790084203887e-08,-8.140875829435354468e-09,1.287937925994992471e-06
4.594594594594595094e+01,3.983059196976436456e-02,1.906708563324114835e-08,3.113872635636603135e-09,-4.926342998351502019e-07
4.599599599599599742e+01,3.983059204770814099e-02,6.735889165339133187e-09,1.100047555832355565e-09,-1.740344647603031502e-07
4.604604604604605100e+01,3.983059224335126769e-02,-2.421608825510542733e-08,-3.954763513076680320e-09,6.256685427348741602e-07
4.609609609609609748e+01,3.983059195029610422e-02,2.214708764110554396e-08,3.616872105756832118e-09,-5.722119899879182189e-07
4.614614614614615107e+01,3.983059228151102776e-02,-3.025320401585002312e-08,-4.940693399144971602e-09,7.816488720329600628e-07
4.619619619619619755e+01,3.983059235312607499e-02,-4.158315533004632401e-08,-6.791003721334885302e-09,1.074379640657611691e-06
4.624624624624625113e+01,3.983059209608665746e-02,-9.178972233870319773e-10,-1.499030896897497626e-10,2.371561468227527310e-08
4.629629629629629761e+01,3.983059258273849434e-02,-7.790928807823958516e-08,-1.272347567335403947e-08,2.012934137993708439e-06
4.634634634634635120e+01,3.983059193779084350e-02,2.412549978280217703e-08,3.939969381797744424e-09,-6.233280178359818311e-07
4.639639639639639768e+01,3.983059223651954500e-02,-2.313526500404546589e-08,-3.778252744194894752e-09,5.977434252957962806e-07
4.644644644644645126e+01,3.983059200256817978e-02,1.387731688240176147e-08,2.266324184353327999e-09,-3.585467867216563272e-07
4.649649649649649774e+01,3.983059205215291887e-02,6.032697735599825062e-09,9.852083720739512069e-10,-1.558661812425094460e-07
4.654654654654655133e+01,3.983059252876974821e-02,-6.937109240875512042e-08,-1.132909090134401225e-08,1.792333668346000175e-06
4.659659659659659781e+01,3.983059192929757492e-02,2.546918851406503850e-08,4.159409082846508242e-09,-6.580447632295551943e-07
4.664664664664665139e+01,3.983059217583765493e-02,-1.353500902064924843e-08,-2.210421405016653479e-09,3.497026142560684038e-07
4.669669669669669787e+01,3.983059209430302172e-02,-6.357158051238134069e-10,-1.038196444480340920e-10,1.642492285383446114e-08
4.674674674674675146e+01,3.983059189815600643e-02,3.039597964656953043e-08,4.964010288531907393e-09,-7.853377510876422453e-07
4.679679679679679793e+01,3.983059229144606667e-02,-3.182498938151006686e-08,-5.197383883128036852e-09,8.222589263432679642e-07
4.684684684684685152e+01,3.983059210279897566e-02,-1.979829790219453366e-09,-3.233287942989483708e-10,5.115265548624638446e-08
4.689689689689689800e+01,3.983059217974917188e-02,-1.415383622146038005e-08,-2.311482947610831979e-09,3.656911880034754382e-07
4.694694694694695158e+01,3.983059251301923620e-02,-6.687926268855413863e-08,-1.092214667673446720e-08,1.727952524151623512e-06
4.699699699699699806e+01,3.983059197272984658e-02,1.859792812226496983e-08,3.037253861095911598e-09,-4.805127262302347731e-07
4.704704704704705165e+01,3.983059235323487685e-02,-4.160036900120550369e-08,-6.793814910240843445e-09,1.074824388481254072e-06
4.709709709709709813e+01,3.983059186371270405e-02,3.584512913079548503e-08,5.853918573059934671e-09,-9.261268571157561870e-07
4.714714714714715171e+01,3.983059213276870375e-02,-6.721227721256330743e-09,-1.097653174883077201e-09,1.736556585634048187e-07
4.719719719719719819e+01,3.983059252212976104e-02,-6.832060448088107816e-08,-1.115753423685429117e-08,1.765192321483156111e-06
4.724724724724725178e+01,3.983059193729744651e-02,2.420355730206251435e-08,3.952717065317709765e-09,-6.253447818077321987e-07
4.729729729729729826e+01,3.983059228023710235e-02,-3.005166033898717222e-08,-4.907779017136402009e-09,7.764416091061463008e-07
4.734734734734735184e+01,3.983059203659346237e-02,8.494300033408997265e-09,1.387216113720337794e-09,-2.194663426821111436e-07
4.739739739739739832e+01,3.983059179488217250e-02,4.673455056833589039e-08,7.632285340032097338e-09,-1.207475701333238994e-06
4.744744744744745191e+01,3.983059233394816573e-02,-3.854909056702831845e-08,-6.295506327435528235e-09,9.959888263015812004e-07
4.749749749749749839e+01,3.983059173274300369e-02,5.656535828817774676e-08,9.237768408317713353e-09,-1.461473253504664948e-06
4.754754754754755197e+01,3.983059225008883653e-02,-2.528201651142655516e-08,-4.128841759374963268e-09,6.532088197511668846e-07
4.759759759759759845e+01,3.983059232610081796e-02,-3.730759242816323808e-08,-6.092755516102993996e-09,9.639123685694816056e-07
4.764764764764765204e+01,3.983059204047268570e-02,7.880579968436281398e-09,1.286988624679516621e-09,-2.036097214700728473e-07
4.769769769769769852e+01,3.983059239046179284e-02,-4.748990494035775318e-08,-7.755643327585021445e-09,1.226991713344269736e-06
4.774774774774775210e+01,3.983059178087450247e-02,4.895065011075442861e-08,7.994199680578524933e-09,-1.264732833725908430e-06
4.779779779779779858e+01,3.983059222022231061e-02,-2.055694495784463835e-08,-3.357183662509575351e-09,5.311276395827541981e-07
4.784784784784785217e+01,3.983059237590891311e-02,-4.518754907896532732e-08,-7.379642345977445383e-09,1.167505985448105255e-06
4.789789789789789864e+01,3.983059199076256773e-02,1.574503278929351371e-08,2.571343502232967253e-09,-4.068027675141614349e-07
4.794794794794795223e+01,3.983059251413390012e-02,-6.705561438122684935e-08,-1.095094692028411260e-08,1.732508904414064051e-06
4.799799799799799871e+01,3.983059198453538924e-02,1.673021191536523521e-08,2.732234494225260622e-09,-4.322567376865694934e-07
4.804804804804805229e+01,3.983059198505672915e-02,1.664773199810665490e-08,2.718764582658612214e-09,-4.301257126800181775e-07
4.809809809809809877e+01,3.983059223359719514e-02,-2.267293789748768935e-08,-3.702749452629930687e-09,5.857983281365569983e-07
4.814814814814815236e+01,3.983059175128452617e-02,5.363196892097570397e-08,8.758712455240961143e-09,-1.385683578834117455e-06
4.819819819819819884e+01,3.983059227631578075e-02,-2.943128814598268387e-08,-4.806465159695011267e-09,7.604131175572693242e-07
4.824824824824825242e+01,3.983059215587860663e-02,-1.037736772996875422e-08,-1.694742554167064061e-09,2.681189660632180949e-07
4.829829829829829890e+01,3.983059213962721057e-02,-7.806295018584950360e-09,-1.274857044948779580e-09,2.016904289828485581e-07
4.834834834834835249e+01,3.983059230856863392e-02,-3.453389423846315676e-08,-5.639778954357748162e-09,8.922486181712788253e-07
4.839839839839839897e+01,3.983059176543982810e-02,5.139250987566552755e-08,8.392983241342429826e-09,-1.327822909405269907e-06
4.844844844844845255e+01,3.983059228588978207e-02,-3.094595513945338042e-08,-5.053827561788406255e-09,7.995474104515251642e-07
4.849849849849849903e+01,3.983059220384084498e-02,-1.796529563068769662e-08,-2.933937757160301213e-09,4.641674666300604546e-07
4.854854854854855262e+01,3.983059208245996047e-02,1.237926662244845444e-09,2.021675483759189418e-10,-3.198418186253859857e-08
4.859859859859859910e+01,3.983059265336139076e-02,-8.908228193104775321e-08,-1.454815305124086914e-08,2.301609613083333801e-06
4.864864864864865268e+01,3.983059197311657196e-02,1.853674039132043267e-08,3.027261206494260458e-09,-4.789318252172907555e-07
4.869869869869869916e+01,3.983059222535914601e-02,-2.136962657347342836e-08,-3.489903842881237431e-09,5.521248095963152955e-07
4.874874874874875275e+01,3.983059212916242181e-02,-6.150698159510230020e-09,-1.004479187817335206e-09,1.589149458719177988e-07
4.879879879879879923e+01,3.983059184781472667e-02,3.836028263714281310e-08,6.264671838067811106e-09,-9.911106155365583075e-07
4.884884884884885281e+01,3.983059222345840256e-02,-2.106891758841942027e-08,-3.440794634593142256e-09,5.443554229604712013e-07
4.889889889889889929e+01,3.983059202454554415e-02,1.040035298668549954e-08,1.698496308688871352e-09,-2.687128337373861553e-07
4.894894894894895288e+01,3.983059224429200129e-02,-2.436492322566045828e-08,-3.979069961948885727e-09,6.295139763225353766e-07
4.899899899899899935e+01,3.983059219430983705e-02,-1.645742968655895302e-08,-2.687686044022516443e-09,4.252088917371720670e-07
4.904904904904905294e+01,3.983059182573591567e-02,4.185328979411219526e-08,6.835119761346338639e-09,-1.081359076586070487e-06
4.909909909909909942e+01,3.983059228291788156e-02,-3.047578219836618705e-08,-4.977042955924270979e-09,7.873996012849600997e-07
4.914914914914915300e+01,3.983059205524268342e-02,5.543870117815604106e-09,9.053772446629917921e-10,-1.432363931428567081e-07
4.919919919919919948e+01,3.983059219426458852e-02,-1.645027284547077274e-08,-2.686517250211271333e-09,4.250239811813925476e-07
4.924924924924925307e+01,3.983059259422468135e-02,-7.972648333148454442e-08,-1.302024439205613983e-08,2.059884821934852329e-06
4.929929929929929955e+01,3.983059200633151664e-02,1.328192515310803971e-08,2.169089921656798573e-09,-3.431637128040987819e-07
4.934934934934935313e+01,3.983059246515126273e-02,-5.930625431802644448e-08,-9.685388003244250311e-09,1.532289497927605520e-06
4.939939939939939961e+01,3.983059204727898428e-02,6.803777054341171387e-09,1.111134422693702406e-09,-1.757884770569427382e-07
4.944944944944945320e+01,3.983059201146999656e-02,1.246898531268060695e-08,2.036327570225958311e-09,-3.221598710633368649e-07
4.949949949949949968e+01,3.983059213178554575e-02,-6.565693748023244981e-09,-1.072252702441209262e-09,1.696371435435094785e-07
4.954954954954955326e+01,3.983059195932503460e-02,2.071864774513721808e-08,3.383591572517831968e-09,-5.353055376047025952e-07
4.959959959959959974e+01,3.983059232113730225e-02,-3.652233550150065169e-08,-5.964514100344966345e-09,9.436237673798901292e-07
4.964964964964965333e+01,3.983059208935929574e-02,1.464081107705329798e-10,2.391011490084251878e-11,-3.782731063534887684e-09
4.969969969969969981e+01,3.983059195646024286e-02,2.117187624932115638e-08,3.457608958503966453e-09,-5.470155551250814677e-07
4.974974974974975339e+01,3.983059220095924030e-02,-1.750940913722350926e-08,-2.859486291198247045e-09,4.523887749184388729e-07
4.979979979979979987e+01,3.983059175300103505e-02,5.336040567069438187e-08,8.714363077989997179e-09,-1.378667227503255145e-06
4.984984984984985346e+01,3.983059227448326745e-02,-2.914137392828186871e-08,-4.759118860075948715e-09,7.529226341977358916e-07
4.989989989989989994e+01,3.983059204222164779e-02,7.603878359871900890e-09,1.241800094892000510e-09,-1.964606109128164801e-07
4.994994994994995352e+01,3.983059202303155383e-02,1.063987249253259265e-08,1.737612576865593948e-09,-2.749012741906170049e-07
5.000000000000000000e+01,3.983059230021423341e-02,-3.321217751682646356e-08,-5.423927533178864878e-09,8.580995612955569897e-07
