time,x_c,x_c_dot,gamma,gamma_dot
0.000000000000000000e+00,0.000000000000000000e+00,0.000000000000000000e+00,1.000000000000000056e-01,0.000000000000000000e+00
5.005005005005005309e-02,-1.208273425852855916e-02,-2.442014739456427885e-01,4.273386066052878296e-01,7.101705476447927268e+00
1.001001001001001062e-01,-2.198066359103108616e-02,-1.481650876280153628e-01,7.607042911174348720e-01,6.229026255826241254e+00
1.501501501501501523e-01,-2.670896803798736979e-02,-4.022894849938690731e-02,1.050727777213119163e+00,5.368680300451352139e+00
2.002002002002002123e-01,-2.603733745457993687e-02,6.612339732045838248e-02,1.298874886053527966e+00,4.554908644515428762e+00
2.502502502502502724e-01,-2.022751826613370524e-02,1.644499117799989307e-01,1.507521376749257902e+00,3.788287862751997359e+00
3.003003003003003046e-01,-9.756091252959720600e-03,2.522623915982857845e-01,1.679530060210785658e+00,3.097419596816266996e+00
3.503503503503503924e-01,4.859286007520427844e-03,3.302532698685170520e-01,1.818677182934955061e+00,2.474988431628826646e+00
4.004004004004004247e-01,2.316473857216340068e-02,4.000471647899877525e-01,1.928751560912146834e+00,1.934445512857592586e+00
4.504504504504504570e-01,4.480079990014667474e-02,4.636619821676788988e-01,2.013623390680562508e+00,1.469640884486974830e+00
5.005005005005005447e-01,6.950384379595493656e-02,5.228676265189590167e-01,2.076893456437107321e+00,1.068445274297019632e+00
5.505505505505505770e-01,9.709096473895406643e-02,5.791187209733505981e-01,2.121655762160626679e+00,7.277082656866217247e-01
6.006006006006006093e-01,1.274435156598657803e-01,6.335451002599907788e-01,2.150622904038412830e+00,4.376142894608610612e-01
6.506506506506506415e-01,1.604926255972026206e-01,6.869987454849859621e-01,2.166095107794834274e+00,1.872053418286784010e-01
7.007007007007007848e-01,1.962072710651576735e-01,7.401544588326102181e-01,2.169938987044312650e+00,-2.859277500320177301e-02
7.507507507507508171e-01,2.345857863175096203e-01,7.935211631614361716e-01,2.163704632863554966e+00,-2.165346827548602637e-01
8.008008008008008494e-01,2.756489766980360634e-01,8.474914723496496105e-01,2.148645177522340965e+00,-3.819751264089127907e-01
8.508508508508508816e-01,3.194348806224099335e-01,9.023613790997550010e-01,2.125771344764350257e+00,-5.300427822876961903e-01
9.009009009009009139e-01,3.659943767495423272e-01,9.583610868521978965e-01,2.095858027710781002e+00,-6.621254534497181821e-01
9.509509509509510572e-01,4.153879701544674341e-01,1.015626185103040813e+00,2.059582978168390532e+00,-7.872701440634546355e-01
1.001001001001001089e+00,4.676820060190589046e-01,1.074274160376309739e+00,2.017353925731878217e+00,-9.003334725510114822e-01
1.051051051051051122e+00,5.229465242119516466e-01,1.134330089624417282e+00,1.969565837264344532e+00,-1.007137432009851841e+00
1.101101101101101154e+00,5.812519680564506297e-01,1.195787706503367076e+00,1.916523462255658838e+00,-1.113621269374204470e+00
1.151151151151151186e+00,6.426669015741349744e-01,1.258563870243382787e+00,1.858325148504864410e+00,-1.211900575552143255e+00
1.201201201201201219e+00,7.072547071981438727e-01,1.322551960499133372e+00,1.795176314731897094e+00,-1.311393624799756186e+00
1.251251251251251251e+00,7.750714407579194498e-01,1.387547819559685536e+00,1.727105863352415893e+00,-1.407674120165042675e+00
1.301301301301301283e+00,8.461619179020686277e-01,1.453334758765708168e+00,1.654204010449631834e+00,-1.505768161605047339e+00
1.351351351351351537e+00,9.205574250899930533e-01,1.519579480061911347e+00,1.576466170720969728e+00,-1.602672829975514190e+00
1.401401401401401570e+00,9.982721778725740513e-01,1.585843788295078882e+00,1.493882588569915182e+00,-1.695200934320720387e+00
1.451451451451451602e+00,1.079296952259858777e+00,1.651857061062253385e+00,1.406602943725853150e+00,-1.795718493896411472e+00
1.501501501501501634e+00,1.163602140633777315e+00,1.716797308201426731e+00,1.314505213723985211e+00,-1.885707974158469691e+00
1.551551551551551666e+00,1.251124649799248312e+00,1.780246665178003784e+00,1.217792935483094308e+00,-1.976582511707513090e+00
1.601601601601601699e+00,1.341769786905378847e+00,1.841605725631811241e+00,1.116624687395909810e+00,-2.069790900267827638e+00
1.651651651651651731e+00,1.435410330661841538e+00,1.899771203246718665e+00,1.011078449793918477e+00,-2.149613372074567152e+00
1.701701701701701763e+00,1.531874503219369243e+00,1.954151082542401108e+00,9.015283610416094939e-01,-2.224003384107870129e+00
1.751751751751751796e+00,1.630950523310032318e+00,2.003962403076202659e+00,7.883649524196252312e-01,-2.292629032666842370e+00
1.801801801801801828e+00,1.732385278170476273e+00,2.048291743892475036e+00,6.720445168415032366e-01,-2.350765201413934857e+00
1.851851851851851860e+00,1.835884262083949281e+00,2.086254460721082005e+00,5.531324638004404548e-01,-2.394115033706866402e+00
1.901901901901902114e+00,1.941112935177770504e+00,2.117309985355897428e+00,4.323422449760135899e-01,-2.425925237406866497e+00
1.951951951951952147e+00,2.047705289476978496e+00,2.140877773991295197e+00,3.104301914475662283e-01,-2.444604169981098973e+00
2.002002002002002179e+00,2.155271676833654837e+00,2.156313810807472642e+00,1.881762650153367133e-01,-2.443015285642274215e+00
2.052052052052052211e+00,2.263405322267309838e+00,2.163360836377212326e+00,6.643264944931807914e-02,-2.419809423734380793e+00
2.102102102102102243e+00,2.371690654953099830e+00,2.162510582198222675e+00,-5.385533936620370832e-02,-2.387938383006773524e+00
2.152152152152152276e+00,2.479724632704090936e+00,2.153286853543740165e+00,-1.719553712197669226e-01,-2.330446064738560530e+00
2.202202202202202308e+00,2.587111412145458367e+00,2.136616064968769546e+00,-2.869795451926269170e-01,-2.262368173470652888e+00
2.252252252252252340e+00,2.693482353198326074e+00,2.112968577962159866e+00,-3.982029609497582112e-01,-2.183513295501959828e+00
2.302302302302302373e+00,2.798500810502314362e+00,2.082647184581504440e+00,-5.050372708806073474e-01,-2.086221911154716224e+00
2.352352352352352405e+00,2.901859965660218865e+00,2.046709544579028428e+00,-6.068614881039182674e-01,-1.981569874315561641e+00
2.402402402402402437e+00,3.003292971135909539e+00,2.005782394324824303e+00,-7.032395655073131469e-01,-1.868340546051429074e+00
2.452452452452452469e+00,3.102569285292830603e+00,1.960620335279446458e+00,-7.938131490863118422e-01,-1.749081558460339414e+00
2.502502502502502502e+00,3.199493548691023204e+00,1.912033189368695263e+00,-8.782984659144700279e-01,-1.629564261160300953e+00
2.552552552552552534e+00,3.293906904552900805e+00,1.860406005690015574e+00,-9.566083737147933475e-01,-1.503410970574072802e+00
2.602602602602602566e+00,3.385677538762107641e+00,1.806437868609971353e+00,-1.028645943443848854e+00,-1.376516682679197912e+00
2.652652652652652598e+00,3.474700936330473944e+00,1.750629407277400240e+00,-1.094424629812274175e+00,-1.250800678978988056e+00
2.702702702702703075e+00,3.560894420030151775e+00,1.693472035737081827e+00,-1.153998366333307102e+00,-1.131046439493931022e+00
2.752752752752753107e+00,3.644196179675243563e+00,1.635142280270668547e+00,-1.207568863443442053e+00,-1.011746078944737004e+00
2.802802802802803139e+00,3.724557582098225517e+00,1.575976239544036206e+00,-1.255301622054420863e+00,-8.961341997865338582e-01
2.852852852852853172e+00,3.801942233243704727e+00,1.516240245012974830e+00,-1.297392562726491061e+00,-7.872582025643615200e-01
2.902902902902903204e+00,3.876324579288556560e+00,1.456012026627032663e+00,-1.334122838105000763e+00,-6.811094509670337915e-01
2.952952952952953236e+00,3.947684767832612351e+00,1.395506129754996882e+00,-1.365703261842731608e+00,-5.821951184696949610e-01
3.003003003003003268e+00,4.016009967838704675e+00,1.334755721162757647e+00,-1.392420199173582951e+00,-4.872028302224856722e-01
3.053053053053053301e+00,4.081290854009806068e+00,1.273844434871615805e+00,-1.414520794118150349e+00,-3.964876148899169062e-01
3.103103103103103333e+00,4.143520922823371144e+00,1.212871326625966306e+00,-1.432222349683707208e+00,-3.125091828888979517e-01
3.153153153153153365e+00,4.202697102182377797e+00,1.151809866280721906e+00,-1.445794043839711884e+00,-2.309759309647426984e-01
3.203203203203203397e+00,4.258817010710497009e+00,1.090738098247651333e+00,-1.455424445223310270e+00,-1.543987870292658771e-01
3.253253253253253430e+00,4.311880197568672024e+00,1.029672307525385300e+00,-1.461317860172101746e+00,-8.192194193397106527e-02
3.303303303303303462e+00,4.361887400024335726e+00,9.686230193376609288e-01,-1.463663494499171103e+00,-1.248138357987419247e-02
3.353353353353353494e+00,4.408840214441992700e+00,9.076200530116577125e-01,-1.462620903092563873e+00,5.367904775866195327e-02
3.403403403403403527e+00,4.452741405453226164e+00,8.466818735682526409e-01,-1.458340567493793483e+00,1.170802608999205047e-01
3.453453453453453559e+00,4.493594789598704509e+00,7.858379731918422317e-01,-1.450952024007992947e+00,1.776771465798635263e-01
3.503503503503503591e+00,4.531405625465956710e+00,7.251060442259321670e-01,-1.440579833453302427e+00,2.363895531098493541e-01
3.553553553553553623e+00,4.566180493019787789e+00,6.645290098149461144e-01,-1.427323172776767679e+00,2.928353699797236476e-01
3.603603603603603656e+00,4.597928008267422761e+00,6.041306994996209490e-01,-1.411284473259649896e+00,3.481486408506174191e-01
3.653653653653653688e+00,4.626658523954329638e+00,5.439824611500134743e-01,-1.392532963485091591e+00,4.010069909035725577e-01
3.703703703703703720e+00,4.652385298118741908e+00,4.841208527753806390e-01,-1.371153999989173977e+00,4.526050271903199751e-01
3.753753753753754197e+00,4.675124433650021061e+00,4.245984426197094153e-01,-1.347221162407095107e+00,5.035695451426014380e-01
3.803803803803804229e+00,4.694894978374096084e+00,3.655211802189807235e-01,-1.320781254686398620e+00,5.521678881871118216e-01
3.853853853853854261e+00,4.711720708863410323e+00,3.069108982142466635e-01,-1.291924049807706698e+00,6.015220418154555437e-01
3.903903903903904293e+00,4.725628159402404549e+00,2.489700084797226709e-01,-1.260658045906182911e+00,6.461742053194295954e-01
3.953953953953954326e+00,4.736651092278495234e+00,1.916580460349870119e-01,-1.227107954733557937e+00,6.930505913156689290e-01
4.004004004004004358e+00,4.744826643120032550e+00,1.351627393303442282e-01,-1.191301521838507682e+00,7.384021447951619743e-01
4.054054054054054390e+00,4.750198068164747767e+00,7.966553917977586829e-02,-1.153283610073257082e+00,7.797537337386839518e-01
4.104104104104104422e+00,4.752816722445881048e+00,2.517581190285314574e-02,-1.113174402080674641e+00,8.223242299648980680e-01
4.154154154154154455e+00,4.752739010259070973e+00,-2.807598886064313626e-02,-1.071019708960681660e+00,8.622594979159714512e-01
4.204204204204204487e+00,4.750029548296552662e+00,-7.993787215868598806e-02,-1.026909071067940271e+00,8.995014910542502573e-01
4.254254254254254519e+00,4.744761136072082941e+00,-1.302911351630255954e-01,-9.809547267420084538e-01,9.354211354174124526e-01
4.304304304304304551e+00,4.737014540746039337e+00,-1.789902324648203757e-01,-9.332714712521501532e-01,9.703951203748095722e-01
4.354354354354354584e+00,4.726878050324210712e+00,-2.257781372270294407e-01,-8.839564111356661424e-01,1.001100537628637266e+00
4.404404404404404616e+00,4.714449595776069479e+00,-2.705243888616730707e-01,-8.331586499116299116e-01,1.028757918459398679e+00
4.454454454454454648e+00,4.699835017394083714e+00,-3.130166342574935423e-01,-7.810186844509255932e-01,1.051788124275819802e+00
4.504504504504504681e+00,4.683150056040937592e+00,-3.532328005573489027e-01,-7.277370439571054783e-01,1.074466719780998725e+00
4.554554554554554713e+00,4.664516154695149908e+00,-3.908415160750076112e-01,-6.734505405245784226e-01,1.091112962164467737e+00
4.604604604604604745e+00,4.644064709560540294e+00,-4.258075324924534000e-01,-6.183785750549017912e-01,1.104969082423598925e+00
4.654654654654654777e+00,4.621933490150085255e+00,-4.580173937507886484e-01,-5.627292803196456417e-01,1.116333684882950372e+00
4.704704704704704810e+00,4.598265325322857144e+00,-4.871916326625679305e-01,-5.066851881869586238e-01,1.120377242483694857e+00
4.754754754754754842e+00,4.573211106711518426e+00,-5.134398577835677102e-01,-4.505130722292726708e-01,1.122835653858148541e+00
4.804804804804804874e+00,4.546923633017411426e+00,-5.365494495680492859e-01,-3.944171095337984378e-01,1.119734498215777085e+00
4.854854854854854906e+00,4.519559375787508770e+00,-5.563926541116265279e-01,-3.386201006956446324e-01,1.109021949184577416e+00
4.904904904904904939e+00,4.491278114268411947e+00,-5.730744847736688463e-01,-2.833831251902956816e-01,1.094261663598623091e+00
4.954954954954954971e+00,4.462240207892423705e+00,-5.867253320143620554e-01,-2.289631321205049252e-01,1.078904407015191635e+00
5.005005005005005003e+00,4.432602548090839534e+00,-5.970714788181767929e-01,-1.755391152044540326e-01,1.055144780596048326e+00
5.055055055055055035e+00,4.402523359915024415e+00,-6.043715055246031698e-01,-1.233694431128367769e-01,1.028604078153268375e+00
5.105105105105105068e+00,4.372155873923619041e+00,-6.086277344805863798e-01,-7.265472832660480051e-02,9.976054652745872664e-01
5.155155155155155100e+00,4.341649094379441465e+00,-6.098772483678830403e-01,-2.358538742326828433e-02,9.608834702279176465e-01
5.205205205205205132e+00,4.311148428889147510e+00,-6.084507684338735789e-01,2.361817648090842880e-02,9.243089715795662631e-01
5.255255255255255165e+00,4.280790197377745798e+00,-6.042406282674966933e-01,6.882646166917893993e-02,8.820355320490518292e-01
5.305305305305305197e+00,4.250705984904297630e+00,-5.975029169151231390e-01,1.118707447701897534e-01,8.372989995954535081e-01
5.355355355355356117e+00,4.221019197611679985e+00,-5.884024009285964141e-01,1.526178538118017070e-01,7.907286974489587950e-01
5.405405405405406150e+00,4.191844702484639029e+00,-5.770235643630664546e-01,1.909688136034916883e-01,7.406797064733894320e-01
5.455455455455456182e+00,4.163290421314068013e+00,-5.636638953053425549e-01,2.268096277312867948e-01,6.909365624695826824e-01
5.505505505505506214e+00,4.135454315606723164e+00,-5.483886872228959097e-01,2.600852656147507047e-01,6.391576248929554671e-01
5.555555555555556246e+00,4.108426425099927393e+00,-5.313567719914867871e-01,2.907444570467895839e-01,5.854104186555199041e-01
5.605605605605606279e+00,4.082288792445712744e+00,-5.127988623204248197e-01,3.187415408829477048e-01,5.316941484964756715e-01
5.655655655655656311e+00,4.057114924292211988e+00,-4.929155080665889588e-01,3.440526890455844478e-01,4.792921154404229389e-01
5.705705705705706343e+00,4.032969214712826656e+00,-4.717647614148868240e-01,3.666951673464993733e-01,4.257588984921535924e-01
5.755755755755756375e+00,4.009909017016827448e+00,-4.495395818245820907e-01,3.866767486919712726e-01,3.723469247569165530e-01
5.805805805805806408e+00,3.987984101395008363e+00,-4.264448035704475615e-01,4.040155813047944244e-01,3.207709760096447704e-01
5.855855855855856440e+00,3.967235914722603063e+00,-4.025478357408883712e-01,4.187665484184734943e-01,2.691503690213272737e-01
5.905905905905906472e+00,3.947699565167865465e+00,-3.780283545454731220e-01,4.309740730612087733e-01,2.187800174374831264e-01
5.955955955955956505e+00,3.929403055549878676e+00,-3.530219545378404100e-01,4.406995482242447859e-01,1.698953508134354307e-01
6.006006006006006537e+00,3.912367778801819629e+00,-3.276504488882417410e-01,4.480146416550385147e-01,1.224883727779288445e-01
6.056056056056056569e+00,3.896608938045001747e+00,-3.020416928813464130e-01,4.529964579517990475e-01,7.684894996789519428e-02
6.106106106106106601e+00,3.882135619647697933e+00,-2.763001770897549059e-01,4.557321026494072780e-01,3.275375972854174811e-02
6.156156156156156634e+00,3.868951349053715738e+00,-2.505490238677849923e-01,4.563097975856268973e-01,-9.381171627379595104e-03
6.206206206206206666e+00,3.857054092701777570e+00,-2.248931130958201630e-01,4.548250824422673810e-01,-4.951856632531705105e-02
6.256256256256256698e+00,3.846436556278831631e+00,-1.994263136820787485e-01,4.513787201783518443e-01,-8.780332980034971646e-02
6.306306306306306730e+00,3.837086652884523108e+00,-1.742643119626201553e-01,4.460698224307490523e-01,-1.236605086528573955e-01
6.356356356356356763e+00,3.828987214086178259e+00,-1.494683196917622747e-01,4.390097482639353510e-01,-1.578943636940416673e-01
6.406406406406406795e+00,3.822116987901198470e+00,-1.251559194826193933e-01,4.303006111624715357e-01,-1.896412975183427996e-01
6.456456456456456827e+00,3.816450097924442453e+00,-1.013883189843731575e-01,4.200561155605273544e-01,-2.194643678109157170e-01
6.506506506506506859e+00,3.811956798626349840e+00,-7.824582615775717287e-02,4.083868875142713795e-01,-2.472790233239036406e-01
6.556556556556556892e+00,3.808603879276703186e+00,-5.585231269251856451e-02,3.953957212765926155e-01,-2.716949654063375297e-01
6.606606606606606924e+00,3.806353764795576744e+00,-3.420640212346859332e-02,3.812083210212435236e-01,-2.945988322128146319e-01
6.656656656656656956e+00,3.805166186546104612e+00,-1.338992634828212180e-02,3.659343848901089324e-01,-3.154784447162299887e-01
6.706706706706706989e+00,3.804997801855836581e+00,6.526243256643790569e-03,3.496847709958111894e-01,-3.339875935928707240e-01
6.756756756756757021e+00,3.805802567898906918e+00,2.546674991999765131e-02,3.325683425105153690e-01,-3.495253056126517155e-01
6.806806806806807053e+00,3.807531460912403354e+00,4.343626876334490128e-02,3.147065502124463676e-01,-3.634876849109833219e-01
6.856856856856857085e+00,3.810133682338058048e+00,6.038151777050530106e-02,2.962084398161100585e-01,-3.755667000436926362e-01
6.906906906906907118e+00,3.813556602632107495e+00,7.624342728375912981e-02,2.771797554359453075e-01,-3.851555470563516881e-01
6.956956956956957150e+00,3.817745974713675938e+00,9.097015916251366408e-02,2.577248747036709475e-01,-3.916942926204801112e-01
7.007007007007007182e+00,3.822645588899625135e+00,1.046175304817899276e-01,2.379635265339803407e-01,-3.973074005267347997e-01
7.057057057057057214e+00,3.828199105697010829e+00,1.171148064861883414e-01,2.179901438704483496e-01,-4.006237078551062036e-01
7.107107107107107247e+00,3.834349260709947416e+00,1.284334185711830389e-01,1.979026444415095121e-01,-4.012375433812374048e-01
7.157157157157157279e+00,3.841037796617051470e+00,1.386458931600209610e-01,1.778117014867016676e-01,-4.012337759960487582e-01
7.207207207207207311e+00,3.848207352259475744e+00,1.476786621524743548e-01,1.577988617912803038e-01,-3.987292077269348756e-01
7.257257257257257343e+00,3.855800258706303385e+00,1.555446853997551893e-01,1.379553709442876697e-01,-3.939609755419225534e-01
7.307307307307307376e+00,3.863759004993544188e+00,1.623157446734680709e-01,1.183769964157732890e-01,-3.885532673535860848e-01
7.357357357357357408e+00,3.872027729743286351e+00,1.679307104808630269e-01,9.913207579779452494e-02,-3.805450201141833966e-01
7.407407407407407440e+00,3.880550783143138727e+00,1.724615730910979972e-01,8.030529147525480860e-02,-3.713071126832133695e-01
7.457457457457457473e+00,3.889274042144150734e+00,1.759447667430653894e-01,6.196957513631124598e-02,-3.611686939908034244e-01
7.507507507507508393e+00,3.898145187507594756e+00,1.783722505528726743e-01,4.418459163470815632e-02,-3.492008923219374616e-01
7.557557557557558425e+00,3.907113034117139172e+00,1.798296589716888993e-01,2.701924088629604342e-02,-3.367991678336491046e-01
7.607607607607608458e+00,3.916128956375247050e+00,1.803001517526160447e-01,1.051950718922673583e-02,-3.226203228688077074e-01
7.657657657657658490e+00,3.925145830719479534e+00,1.798576841337806154e-01,-5.259974965622189573e-03,-3.075883162826630879e-01
7.707707707707708522e+00,3.934118829582297305e+00,1.785641930947551859e-01,-2.027270034828225834e-02,-2.922463760146359335e-01
7.757757757757758554e+00,3.943005887937875542e+00,1.764153034822955601e-01,-3.448909211201308528e-02,-2.753641152865595743e-01
7.807807807807808587e+00,3.951766567785997442e+00,1.735363666384686920e-01,-4.786438521504933485e-02,-2.590130448564162968e-01
7.857857857857858619e+00,3.960363929540610783e+00,1.698996966220895910e-01,-6.038469103069289690e-02,-2.412676602818864813e-01
7.907907907907908651e+00,3.968762805845598152e+00,1.656078343007107434e-01,-7.202053018160092801e-02,-2.235365841044895108e-01
7.957957957957958683e+00,3.976931054682105504e+00,1.607028471391332425e-01,-8.275781702665310768e-02,-2.056410201962647899e-01
8.008008008008008716e+00,3.984839248308282400e+00,1.552202771581116247e-01,-9.258882903048043511e-02,-1.872168318654311159e-01
8.058058058058058748e+00,3.992460333068528655e+00,1.492449714609045686e-01,-1.015027887768908954e-01,-1.691683483711072800e-01
8.108108108108108780e+00,3.999770367068857357e+00,1.427946383271152531e-01,-1.095047356184933041e-01,-1.506594580347846990e-01
8.158158158158158813e+00,4.006747666410280573e+00,1.359520560833200054e-01,-1.165935097971022155e-01,-1.325456902309840868e-01
8.208208208208208845e+00,4.013373430111944806e+00,1.287623259462384040e-01,-1.227783720578101700e-01,-1.147176172468271221e-01
8.258258258258258877e+00,4.019631496766667311e+00,1.212650944349120824e-01,-1.280734171489049389e-01,-9.694096558171434730e-02
8.308308308308308909e+00,4.025508075402227881e+00,1.135290311752330389e-01,-1.324915724139281714e-01,-7.975710430021672181e-02
8.358358358358358942e+00,4.030992110679226137e+00,1.055851740858703147e-01,-1.360553134586757751e-01,-6.275729250026555739e-02
8.408408408408408974e+00,4.036074775711085749e+00,9.749591816146697953e-02,-1.387849525080465107e-01,-4.637846640180185581e-02
8.458458458458459006e+00,4.040749732015997964e+00,8.930234149592237991e-02,-1.407070546525848731e-01,-3.053900584342893881e-02
8.508508508508509038e+00,4.045012896936407643e+00,8.104774299493985867e-02,-1.418502458261285681e-01,-1.525363161876421014e-02
8.558558558558559071e+00,4.048862355449596606e+00,7.277753015830080996e-02,-1.422449379330601171e-01,-6.337509316981439645e-04
8.608608608608609103e+00,4.052298320537094156e+00,6.453062804260049912e-02,-1.419244670306560319e-01,1.333301479123841400e-02
8.658658658658659135e+00,4.055322986145766251e+00,5.634696148337418886e-02,-1.409235734960725406e-01,2.658581109925775565e-02
8.708708708708709167e+00,4.057940424759175713e+00,4.826727195843070334e-02,-1.392781610886899279e-01,3.899310653462514931e-02
8.758758758758759200e+00,4.060156591850342167e+00,4.031559230365163587e-02,-1.370279377220919026e-01,5.080623062627849518e-02
8.808808808808809232e+00,4.061978995236583678e+00,3.253378477843051064e-02,-1.342104370036669436e-01,6.176006478844050379e-02
8.858858858858859264e+00,4.063416751767299218e+00,2.495493145533019333e-02,-1.308651840126672794e-01,7.176333133283670229e-02
8.908908908908909297e+00,4.064480518661901520e+00,1.759603503663421942e-02,-1.270346630786210185e-01,8.108682853333031015e-02
8.958958958958959329e+00,4.065182185909554491e+00,1.048800187994894384e-02,-1.227591305702213642e-01,8.958378507258324408e-02
9.009009009009009361e+00,4.065534873882365119e+00,3.657557663187211826e-03,-1.180793928831070233e-01,9.715910695929766416e-02
9.059059059059059393e+00,4.065552903611347801e+00,-2.886666122906543855e-03,-1.130388942345708636e-01,1.041299177471183418e-01
9.109109109109109426e+00,4.065251397150214885e+00,-9.109866444432955165e-03,-1.076762177539889176e-01,1.100769552018844161e-01
9.159159159159159458e+00,4.064646497746561948e+00,-1.500420322200711996e-02,-1.020336662482403678e-01,1.152232681187864288e-01
9.209209209209209490e+00,4.063755104309310084e+00,-2.056541279616793880e-02,-9.615322539516354960e-02,1.198275635016277513e-01
9.259259259259259522e+00,4.062594494390498134e+00,-2.575152505985138854e-02,-9.006961936394169976e-02,1.231155341233573647e-01
9.309309309309309555e+00,4.061182922209634505e+00,-3.059498567342174360e-02,-8.382858967240264247e-02,1.261855955811971852e-01
9.359359359359359587e+00,4.059538565163592239e+00,-3.505404752162035592e-02,-7.746233715206062020e-02,1.281603846969290583e-01
9.409409409409409619e+00,4.057680175845423953e+00,-3.913261671163934668e-02,-7.100908227502494841e-02,1.292923299234993162e-01
9.459459459459459651e+00,4.055626799341037980e+00,-4.285223631256451088e-02,-6.450833630523972184e-02,1.302388304851631595e-01
9.509509509509509684e+00,4.053397189645165710e+00,-4.617587400997959224e-02,-5.798831702155536616e-02,1.300923377085290433e-01
9.559559559559559716e+00,4.051010452427029840e+00,-4.912476512075447665e-02,-5.148500036247901507e-02,1.294055222168133956e-01
9.609609609609609748e+00,4.048485500935913528e+00,-5.170713654172550550e-02,-4.503036300225037730e-02,1.283490273646079594e-01
9.659659659659659781e+00,4.045840878147726194e+00,-5.390397435324640468e-02,-3.864999703658668351e-02,1.263462263868419255e-01
9.709709709709709813e+00,4.043095222612882012e+00,-5.575584443469566720e-02,-3.237724860323301646e-02,1.243200866016020284e-01
9.759759759759759845e+00,4.040266343807708438e+00,-5.722897561607150768e-02,-2.623128906228520268e-02,1.212338941577041779e-01
9.809809809809809877e+00,4.037372065496669826e+00,-5.836016216002466034e-02,-2.024076136759709807e-02,1.178391850664976953e-01
9.859859859859859910e+00,4.034429572450168422e+00,-5.916403924399295244e-02,-1.442861128068525893e-02,1.142817239199190316e-01
9.909909909909909942e+00,4.031455318277549438e+00,-5.962822210575982607e-02,-8.811290654108063988e-03,1.099788623221195222e-01
9.959959959959959974e+00,4.028465494502295741e+00,-5.979639339649390345e-02,-3.412324950907564929e-03,1.057691018202165656e-01
1.001001001001001001e+01,4.025475217475754874e+00,-5.964755456879063805e-02,1.757384917776665069e-03,1.007949181464147526e-01
1.006006006006006004e+01,4.022499256159335346e+00,-5.921826369540577478e-02,6.679585156960871420e-03,9.566381520672999350e-02
1.011011011011011007e+01,4.019551519450562438e+00,-5.852763487790459823e-02,1.134087867260635818e-02,9.051325053026079703e-02
1.016016016016016010e+01,4.016644988993752996e+00,-5.757196954267052719e-02,1.573356019176867099e-02,8.487459688637238875e-02
1.021021021021021014e+01,4.013792117834315221e+00,-5.639224917546473842e-02,1.984454850906818002e-02,7.941966096782145101e-02
1.026026026026026017e+01,4.011004202436946997e+00,-5.497829384210527887e-02,2.367097631671324226e-02,7.348686771627029046e-02
1.031031031031031020e+01,4.008291974098443511e+00,-5.336508295886973480e-02,2.720440008142326407e-02,6.757263042575281653e-02
1.036036036036036023e+01,4.005665191846075501e+00,-5.157025275632057260e-02,3.044093491592058873e-02,6.171877082411150045e-02
1.041041041041041026e+01,4.003132670055217446e+00,-4.959962932699792798e-02,3.338027705190807493e-02,5.565776482323012142e-02
1.046046046046046030e+01,4.000702522802026984e+00,-4.748630902741326348e-02,3.601923962521223765e-02,4.982501241325957425e-02
1.051051051051051033e+01,3.998381782805703555e+00,-4.523009459657969383e-02,3.836156250224663500e-02,4.379571668769881992e-02
1.056056056056056036e+01,3.996176818269784992e+00,-4.286249178871227861e-02,4.040720517450954730e-02,3.796684397000224531e-02
1.061061061061061039e+01,3.994093007282991437e+00,-4.039363304111079356e-02,4.216092880520670716e-02,3.218719646997275641e-02
1.066066066066066043e+01,3.992134923816204495e+00,-3.783953773787801511e-02,4.362774909366134296e-02,2.646383847373326437e-02
1.071071071071071223e+01,3.990306346793965897e+00,-3.522083499646057325e-02,4.481305020874415401e-02,2.093081392565041346e-02
1.076076076076076227e+01,3.988610196901865912e+00,-3.254955108192908453e-02,4.572464932710734731e-02,1.550916107204395114e-02
1.081081081081081230e+01,3.987048657304065991e+00,-2.984451026484809255e-02,4.637018302165342443e-02,1.030651676221691800e-02
1.086086086086086233e+01,3.985623113446684851e+00,-2.711769797817736513e-02,4.675924080536301292e-02,5.265908134810657129e-03
1.091091091091091236e+01,3.984334250790343646e+00,-2.438520788318341431e-02,4.690147982652641268e-02,4.499880993457256720e-04
1.096096096096096240e+01,3.983182036884015620e+00,-2.165955170395914009e-02,4.680778765279517556e-02,-4.156685521609151945e-03
1.101101101101101243e+01,3.982165779452893073e+00,-1.895367904208822285e-02,4.648953173083036211e-02,-8.542745743407891695e-03
1.106106106106106246e+01,3.981284165572791078e+00,-1.628173654339898357e-02,4.595834370331946389e-02,-1.264953251715263474e-02
1.111111111111111249e+01,3.980535260006579090e+00,-1.365313807891412393e-02,4.522699945897926815e-02,-1.652366149652862576e-02
1.116116116116116252e+01,3.979916575800312550e+00,-1.107786646290366377e-02,4.430846511730954229e-02,-2.017932890894257730e-02
1.121121121121121256e+01,3.979425143110393304e+00,-8.571339530743639010e-03,4.321501718339089415e-02,-2.347200752609921240e-02
1.126126126126126259e+01,3.979057431532824651e+00,-6.135988089402714604e-03,4.196117267301659182e-02,-2.657429607904331081e-02
1.131131131131131262e+01,3.978809534149886140e+00,-3.784135001916654004e-03,4.055987067066001150e-02,-2.938415641548714971e-02
1.136136136136136265e+01,3.978677122859338500e+00,-1.524653382305277225e-03,3.902457862944606198e-02,-3.186964205940828049e-02
1.141141141141141269e+01,3.978655454918215817e+00,6.422984380492637686e-04,3.737008134233658907e-02,-3.420489041134016500e-02
1.146146146146146272e+01,3.978739572074510900e+00,2.700067242504381165e-03,3.560829386470714536e-02,-3.611850211082014150e-02
1.151151151151151275e+01,3.978924095812255590e+00,4.654139143730721614e-03,3.375451127744288904e-02,-3.789226144220698977e-02
1.156156156156156278e+01,3.979203496239837268e+00,6.495783730755677957e-03,3.182140858941108486e-02,-3.942161176184243165e-02
1.161161161161161282e+01,3.979572058387134348e+00,8.213464088976751495e-03,2.982085037958416909e-02,-4.051087716358673513e-02
1.166166166166166285e+01,3.980023765185495499e+00,9.817312016976028136e-03,2.776783760074414201e-02,-4.150614599484044043e-02
1.171171171171171288e+01,3.980552615731841826e+00,1.129458893322448677e-02,2.567318547331368453e-02,-4.214461442798147356e-02
1.176176176176176291e+01,3.981152399102371842e+00,1.265112070998906067e-02,2.355024908765640870e-02,-4.262591087095286141e-02
1.181181181181181294e+01,3.981816893611001440e+00,1.388523094175203240e-02,2.141062785093512943e-02,-4.293900296895501734e-02
1.186186186186186298e+01,3.982539907069973850e+00,1.498662383803723089e-02,1.926394985364858828e-02,-4.283397336390627752e-02
1.191191191191191301e+01,3.983315099685718952e+00,1.596944586252773204e-02,1.712324080601482917e-02,-4.267700098653874619e-02
1.196196196196196304e+01,3.984136308682124206e+00,1.682571027444718786e-02,1.499729389991301919e-02,-4.224755090521659096e-02
1.201201201201201307e+01,3.984997353072929016e+00,1.756074078092026425e-02,1.289643600814978017e-02,-4.165498726525806994e-02
1.206206206206206311e+01,3.985892151404733852e+00,1.817882509863549476e-02,1.083016834481145482e-02,-4.096864840803258329e-02
1.211211211211211314e+01,3.986814816002920203e+00,1.867231532661009843e-02,8.805374380788075911e-03,-3.993704613408140952e-02
1.216216216216216317e+01,3.987759456366612110e+00,1.905648645356513085e-02,6.832001233198692000e-03,-3.888937013517155400e-02
1.221221221221221320e+01,3.988720465731550036e+00,1.932763724719670922e-02,4.916214675306140348e-03,-3.765376797142189896e-02
1.226226226226226323e+01,3.989692367066143497e+00,1.949063588503287259e-02,3.064894044130743629e-03,-3.626992995536079678e-02
1.231231231231231327e+01,3.990669863404532336e+00,1.955383417641703980e-02,1.284803763992280407e-03,-3.485856141396229818e-02
1.236236236236236330e+01,3.991647943661071452e+00,1.951490902131746905e-02,-4.197126834186921712e-04,-3.325645351513253217e-02
1.241241241241241333e+01,3.992621751673252728e+00,1.938389158887901531e-02,-2.042965554155233739e-03,-3.161236816092173607e-02
1.246246246246246336e+01,3.993586716699216499e+00,1.916452447299596754e-02,-3.580950824334519327e-03,-2.990624155601252776e-02
1.251251251251251340e+01,3.994538541718622771e+00,1.885784223586820310e-02,-5.030751938193011967e-03,-2.804256104561867607e-02
1.256256256256256343e+01,3.995473120832076397e+00,1.847669493087975706e-02,-6.388152756730708717e-03,-2.622646362452390675e-02
1.261261261261261346e+01,3.996386719207436489e+00,1.801844101797816025e-02,-7.652076261993925529e-03,-2.425903874768444574e-02
1.266266266266266349e+01,3.997275775287428612e+00,1.749716322010952396e-02,-8.819305014841401918e-03,-2.237051043610002038e-02
1.271271271271271353e+01,3.998137097767044068e+00,1.691314055992915871e-02,-9.889441628886276939e-03,-2.043227281928660863e-02
1.276276276276276356e+01,3.998967750817846500e+00,1.627141530566402275e-02,-1.086185349384469374e-02,-1.843737557337188360e-02
1.281281281281281359e+01,3.999765054542160136e+00,1.558188071678041041e-02,-1.173563236855400607e-02,-1.650353273960262351e-02
1.286286286286286362e+01,4.000526673751799933e+00,1.484515946506001320e-02,-1.251187229518224697e-02,-1.450895943801839942e-02
1.291291291291291365e+01,4.001250490716704356e+00,1.407245569286440234e-02,-1.319040034115067338e-02,-1.260598100485060304e-02
1.296296296296296369e+01,4.001934729606421826e+00,1.326536314274636384e-02,-1.377304344316667047e-02,-1.069995509039263840e-02
1.301301301301301372e+01,4.002577861182542662e+00,1.243025891251535973e-02,-1.426124846446081250e-02,-8.821781161209771988e-03
1.306306306306306375e+01,4.003178627731483807e+00,1.157348359222011396e-02,-1.465683827572981761e-02,-7.003930471382062949e-03
1.311311311311311378e+01,4.003736053366470315e+00,1.069866734255118211e-02,-1.496241715551884476e-02,-5.211882510433596578e-03
1.316316316316316382e+01,4.004249397229276752e+00,9.812936390984950547e-03,-1.518032618546885648e-02,-3.504979200966552074e-03
1.321321321321321385e+01,4.004718192326869541e+00,8.919422335406029106e-03,-1.531383474886792960e-02,-1.843323681051537875e-03
1.326326326326326388e+01,4.005142195022681761e+00,8.023781749898300369e-03,-1.536604484914197606e-02,-2.566453191751215607e-04
1.331331331331331391e+01,4.005521401317777119e+00,7.130027684446462767e-03,-1.534054059539971190e-02,1.263041502592532166e-03
1.336336336336336394e+01,4.005856022997177135e+00,6.242609389524853003e-03,-1.524101800681826151e-02,2.707373122772355548e-03
1.341341341341341398e+01,4.006146477759799929e+00,5.366187901404487204e-03,-1.507129151099789212e-02,4.057148223379578728e-03
1.346346346346346401e+01,4.006393392991634883e+00,4.503174369496230900e-03,-1.483566633924630548e-02,5.345686640403842470e-03
1.351351351351351404e+01,4.006597564089889651e+00,3.658396444657831779e-03,-1.453814797026242375e-02,6.538047583188514797e-03
1.356356356356356407e+01,4.006759966817129204e+00,2.835160424403511230e-03,-1.418305715120367003e-02,7.632608009039222423e-03
1.361361361361361411e+01,4.006881744728457484e+00,2.035218009450885917e-03,-1.377500841542174219e-02,8.661787838783184187e-03
1.366366366366366414e+01,4.006964168066470044e+00,1.263220015541755394e-03,-1.331815714185800512e-02,9.576875927573780256e-03
1.371371371371371417e+01,4.007008659519364357e+00,5.205699376115331418e-04,-1.281717825643420745e-02,1.040678179098445538e-02
1.376376376376376420e+01,4.007016759751816259e+00,-1.911967179926189764e-04,-1.227669100708324475e-02,1.117069016372172763e-02
1.381381381381381424e+01,4.006990097371795123e+00,-8.677313080135836635e-04,-1.170079900229525731e-02,1.180878979880801462e-02
1.386386386386386427e+01,4.006930429824619999e+00,-1.510403116876550544e-03,-1.109446191956451645e-02,1.240273372202312790e-02
1.391391391391391430e+01,4.006839558901326370e+00,-2.114961653658565480e-03,-1.046162503226243969e-02,1.288275912786813852e-02
1.396396396396396433e+01,4.006719376355662554e+00,-2.680759906217028074e-03,-9.806706633527792830e-03,1.326608833274735971e-02
1.401401401401401436e+01,4.006571839005649061e+00,-3.208776214008830611e-03,-9.134258264719452222e-03,1.360593383397735480e-02
1.406406406406406440e+01,4.006398911557134568e+00,-3.694478840568928869e-03,-8.447784519755533600e-03,1.380727720097222645e-02
1.411411411411411443e+01,4.006202641522641272e+00,-4.141543300443430685e-03,-7.751968282318943103e-03,1.398145392711124500e-02
1.416416416416416446e+01,4.005985053061838386e+00,-4.546846497159540319e-03,-7.050208642929141865e-03,1.405862298097263971e-02
1.421421421421421449e+01,4.005748199648373920e+00,-4.910532223167830140e-03,-6.346252869022851219e-03,1.404803573264717421e-02
1.426426426426426453e+01,4.005494146184603643e+00,-5.234836361411357962e-03,-5.643994932519793423e-03,1.400790009051845926e-02
1.431431431431431456e+01,4.005224912567928897e+00,-5.516732493317534278e-03,-4.946266740384860569e-03,1.385559758532339640e-02
1.436436436436436459e+01,4.004942537872344666e+00,-5.759586860367191252e-03,-4.256733706091434845e-03,1.366906089730732764e-02
1.441441441441441462e+01,4.004649008294023815e+00,-5.963163675346199594e-03,-3.578257724975230508e-03,1.342879772017440201e-02
1.446446446446446465e+01,4.004346268876615156e+00,-6.126802847944352523e-03,-2.913411640892829124e-03,1.310026158009063024e-02
1.451451451451451469e+01,4.004036250412139175e+00,-6.254908811755876055e-03,-2.265372214017665007e-03,1.277594126030775004e-02
1.456456456456456472e+01,4.003720784757002882e+00,-6.344684257214844650e-03,-1.635916151072753112e-03,1.235871901323344103e-02
1.461461461461461475e+01,4.003401685042452307e+00,-6.399870167427977076e-03,-1.027662329849604811e-03,1.191715627370523375e-02
1.466466466466466478e+01,4.003080682017223779e+00,-6.421618751565731122e-03,-4.425825555066519208e-04,1.144996647433135957e-02
1.471471471471471482e+01,4.002759423654238091e+00,-6.409285019438942452e-03,1.178675875374476912e-04,1.090675632837620652e-02
1.476476476476476485e+01,4.002439521167216796e+00,-6.368469487616833929e-03,6.514332738517314208e-04,1.039611318270861756e-02
1.481481481481481488e+01,4.002122453422453319e+00,-6.296552522811501088e-03,1.157418038712889133e-03,9.812145098675751145e-03
1.486486486486486491e+01,4.001809660409900715e+00,-6.198061007461432015e-03,1.634170980538014175e-03,9.231791711328495714e-03
1.491491491491491495e+01,4.001502469140166163e+00,-6.073418686204509580e-03,2.080917691868074387e-03,8.624448428757765239e-03
1.496496496496496675e+01,4.001202124742686550e+00,-5.924258651270167958e-03,2.496886998926213692e-03,7.989499039351258963e-03
1.501501501501501679e+01,4.000909791879416311e+00,-5.753949650548515621e-03,2.881218242464674267e-03,7.370182009932796201e-03
1.506506506506506682e+01,4.000626519576115037e+00,-5.562246990635165769e-03,3.233826966982134964e-03,6.715646787978198778e-03
1.511511511511511685e+01,4.000353288464475909e+00,-5.352905796042245826e-03,3.554154193919460258e-03,6.077909023618491106e-03
1.516516516516516688e+01,4.000090966980925700e+00,-5.126804492783266880e-03,3.842280360271681846e-03,5.434425138946274297e-03
1.521521521521521692e+01,3.999840335521403389e+00,-4.885749153446084826e-03,4.098295378182243397e-03,4.786617549849454117e-03
1.526526526526526695e+01,3.999602087512932780e+00,-4.632552133331516685e-03,4.322276467971313506e-03,4.162128280587653120e-03
1.531531531531531698e+01,3.999376809222800144e+00,-4.367677002916065324e-03,4.514826169104453092e-03,3.528344557304899810e-03
1.536536536536536701e+01,3.999165012211381320e+00,-4.094151889285308453e-03,4.676260437394894401e-03,2.919543465856842390e-03
1.541541541541541704e+01,3.998967106137401473e+00,-3.812981355461176128e-03,4.807347490931634763e-03,2.318534958634023858e-03
1.546546546546546708e+01,3.998783419202339484e+00,-3.526042783505422065e-03,4.908824816760467419e-03,1.731669491364825264e-03
1.551551551551551711e+01,3.998614196441356405e+00,-3.235424462689141540e-03,4.981496928943160429e-03,1.171897039829887738e-03
1.556556556556556714e+01,3.998459593663254541e+00,-2.942027544790241401e-03,5.026453266622558404e-03,6.227934879542062954e-04
1.561561561561561717e+01,3.998319696681035929e+00,-2.648127989797432937e-03,5.044639723873783899e-03,1.048883272930387160e-04
1.566566566566566721e+01,3.998194507066940240e+00,-2.354601149409656091e-03,5.037301489050145104e-03,-3.959226398580246867e-04
1.571571571571571724e+01,3.998083960447242902e+00,-2.063262450071806382e-03,5.005590896373025150e-03,-8.677928378875731687e-04
1.576576576576576727e+01,3.997987920222270120e+00,-1.775288223923360839e-03,4.950815293817123312e-03,-1.313631073824704162e-03
1.581581581581581730e+01,3.997906184246140526e+00,-1.491662006401229309e-03,4.874354498642818022e-03,-1.739488573825623925e-03
1.586586586586586733e+01,3.997838495551181204e+00,-1.214239403148484851e-03,4.777477530329120488e-03,-2.126976823513810570e-03
1.591591591591591737e+01,3.997784531836864552e+00,-9.434342144937218769e-04,4.661711145791725720e-03,-2.492994704814333311e-03
1.596596596596596740e+01,3.997743923901108332e+00,-6.804720807254046591e-04,4.528463121874447966e-03,-2.831456597792317807e-03
1.601601601601601743e+01,3.997716255696811771e+00,-4.267260769969622391e-04,4.379122201359598315e-03,-3.130426215611164294e-03
1.606606606606606746e+01,3.997701058515316319e+00,-1.821167649375954865e-04,4.215311117275128208e-03,-3.413433551931338312e-03
1.611611611611611750e+01,3.997697835125257892e+00,5.174862493434761763e-05,4.038366432773523446e-03,-3.658357894915149032e-03
1.616616616616616753e+01,3.997706045753541382e+00,2.744756310641765455e-04,3.849804486518608460e-03,-3.872341394034613596e-03
1.621621621621621756e+01,3.997725117512510362e+00,4.860664489288928167e-04,3.651181270766277326e-03,-4.070713997515066317e-03
1.626626626626626759e+01,3.997754462922930685e+00,6.846565562475751942e-04,3.443716515095861241e-03,-4.218535161005418019e-03
1.631631631631631763e+01,3.997793453522922036e+00,8.713500747979023662e-04,3.229076956577257938e-03,-4.355554465504925601e-03
1.636636636636636766e+01,3.997841457174588609e+00,1.044959595217122587e-03,3.008512169151852326e-03,-4.460342633438711159e-03
1.641641641641641769e+01,3.997897822390814593e+00,1.205116130772775204e-03,2.783357123783721746e-03,-4.530689214379697224e-03
1.646646646646646772e+01,3.997961879338468805e+00,1.352721355858321414e-03,2.555101397873822591e-03,-4.595340225523665556e-03
1.651651651651651775e+01,3.998032969317443452e+00,1.485872306346817766e-03,2.324719826923620555e-03,-4.608764899057324685e-03
1.656656656656656779e+01,3.998110408369713209e+00,1.606190059274405441e-03,2.093701868583900880e-03,-4.614735343457713676e-03
1.661661661661661782e+01,3.998193527329079178e+00,1.713025057249450154e-03,1.863102538077093242e-03,-4.596681564257213033e-03
1.666666666666666785e+01,3.998281658383555648e+00,1.806103114996490721e-03,1.633971576783174078e-03,-4.546132602882835272e-03
1.671671671671671788e+01,3.998374129388301945e+00,1.886917746589013376e-03,1.407578434467102310e-03,-4.498770699998962466e-03
1.676676676676676792e+01,3.998470298343853813e+00,1.953736854980763892e-03,1.184595370898135647e-03,-4.405504195305809043e-03
1.681681681681681795e+01,3.998569512040289098e+00,2.008583772792803257e-03,9.662355555279676699e-04,-4.312923475252117798e-03
1.686686686686686798e+01,3.998671149261365354e+00,2.050803896311177970e-03,7.532019604149114457e-04,-4.197173023321736259e-03
1.691691691691691801e+01,3.998774598609482922e+00,2.080949416825668072e-03,5.463208735989818782e-04,-4.064412897773672130e-03
1.696696696696696804e+01,3.998879265916682524e+00,2.099950168495381877e-03,3.464063566829288015e-04,-3.929489617803066069e-03
1.701701701701701808e+01,3.998984588874919144e+00,2.107110629360023444e-03,1.539334680323562572e-04,-3.764279455629842164e-03
1.706706706706706811e+01,3.999090014401391446e+00,2.103974210977823962e-03,-3.033044833519777273e-05,-3.597624497654446085e-03
1.711711711711711814e+01,3.999195022363552177e+00,2.090818320848389887e-03,-2.058970119430832114e-04,-3.424870889721212067e-03
1.716716716716716817e+01,3.999299121707287963e+00,2.067486666525800154e-03,-3.724197761572596382e-04,-3.229467286172526402e-03
1.721721721721721821e+01,3.999401836617246353e+00,2.035768738553941394e-03,-5.293043594715042934e-04,-3.044536577863881776e-03
1.726726726726726824e+01,3.999502735998063940e+00,1.994892124579270357e-03,-6.764424896088348923e-04,-2.836503376688476186e-03
1.731731731731731827e+01,3.999601403120327081e+00,1.946456401295896957e-03,-8.134046548261305958e-04,-2.632660517316051749e-03
1.736736736736736830e+01,3.999697459183573667e+00,1.890803982590985068e-03,-9.400302623471182154e-04,-2.427491203373384043e-03
1.741741741741741833e+01,3.999790556758879845e+00,1.828130681289997367e-03,-1.056243928174716235e-03,-2.211448038620477449e-03
1.746746746746746837e+01,3.999880370853739375e+00,1.759945649567959056e-03,-1.161814550211862345e-03,-2.008756150964883819e-03
1.751751751751751840e+01,3.999966620379868942e+00,1.685693015865659958e-03,-1.256903967607543538e-03,-1.790206632542179141e-03
1.756756756756756843e+01,4.000049040973371106e+00,1.607048899479279931e-03,-1.341362629404104813e-03,-1.584254449594899505e-03
1.761761761761761846e+01,4.000127409270003653e+00,1.524050137463922507e-03,-1.415358442626595339e-03,-1.377069804604590716e-03
1.766766766766766850e+01,4.000201528911504489e+00,1.437258005123616443e-03,-1.479020430027468006e-03,-1.168511161367850621e-03
1.771771771771771853e+01,4.000271230531839528e+00,1.347687961789122060e-03,-1.532446954830445204e-03,-9.703754666462276190e-04
1.776776776776776856e+01,4.000336380082942789e+00,1.255399558013404072e-03,-1.575932583514913629e-03,-7.700270905519866500e-04
1.781781781781781859e+01,4.000396866081530334e+00,1.161404391877787594e-03,-1.609653301615716946e-03,-5.797506768896481437e-04
1.786786786786786863e+01,4.000452609479967059e+00,1.065975944576970933e-03,-1.633939022924999407e-03,-3.931355414298773549e-04
1.791791791791791866e+01,4.000503555987933169e+00,9.697215729374038945e-04,-1.649095225819606015e-03,-2.128213081886882476e-04
1.796796796796796869e+01,4.000549677085812661e+00,8.732645153847849858e-04,-1.655451485374815268e-03,-4.232629306916244494e-05
1.801801801801801872e+01,4.000590971376791316e+00,7.768594970114704691e-04,-1.653420869239156628e-03,1.238440524146856175e-04
1.806806806806806875e+01,4.000627457830019829e+00,6.812805261191136981e-04,-1.643351715179199209e-03,2.772235748585972462e-04
1.811811811811811879e+01,4.000659181927948893e+00,5.866561832176969433e-04,-1.625714492778470698e-03,4.254465718776094551e-04
1.816816816816816882e+01,4.000686207662536020e+00,4.935363170306410370e-04,-1.600924502437287185e-03,5.646606071205035335e-04
1.821821821821821885e+01,4.000708619155861179e+00,4.024281522205479375e-04,-1.569414491887485049e-03,6.914891659059414298e-04
1.826826826826826888e+01,4.000726521870897834e+00,3.133914624538499489e-04,-1.531697723791729943e-03,8.134723695073081944e-04
1.831831831831831892e+01,4.000740035005117434e+00,2.270248769756536499e-04,-1.488204072170177736e-03,9.235691563844771520e-04
1.836836836836836895e+01,4.000749295299828923e+00,1.436420051788242253e-04,-1.439411705871974185e-03,1.021432839313657923e-03
1.841841841841841898e+01,4.000754456525077885e+00,6.313006664538074275e-05,-1.385867487797836457e-03,1.117056627324943680e-03
1.846846846846846901e+01,4.000755679189700764e+00,-1.364505899675879492e-05,-1.327955081408734592e-03,1.194468124732087685e-03
1.851851851851851904e+01,4.000753143225154851e+00,-8.706990405857666061e-05,-1.266256713591096912e-03,1.269373370649369559e-03
1.856856856856856908e+01,4.000747032357701904e+00,-1.565317171428971051e-04,-1.201183359009780002e-03,1.330983471031125121e-03
1.861861861861861911e+01,4.000737542445658157e+00,-2.219577008978882609e-04,-1.133223860775112689e-03,1.381790283219996428e-03
1.866866866866866914e+01,4.000724877674957547e+00,-2.834289806488315727e-04,-1.062879939646504566e-03,1.427602130060591024e-03
1.871871871871871917e+01,4.000709244820860988e+00,-3.404841843069742521e-04,-9.905506902851567066e-04,1.459562836782070687e-03
1.876876876876876921e+01,4.000690860183591546e+00,-3.934239971808098260e-04,-9.167438486442740231e-04,1.487872312533906850e-03
1.881881881881881924e+01,4.000669939462884628e+00,-4.419092689799495742e-04,-8.418454426134985066e-04,1.505583387835619747e-03
1.886886886886886927e+01,4.000646702092352847e+00,-4.858412946852661376e-04,-7.662621150448720424e-04,1.511365107639852734e-03
1.891891891891891930e+01,4.000621371587228303e+00,-5.256037971422492655e-04,-6.904594122768598248e-04,1.515776404945429765e-03
1.896896896896896934e+01,4.000594166222640524e+00,-5.607665232756395930e-04,-6.147491163766389492e-04,1.507794501632708046e-03
1.901901901901901937e+01,4.000565307951119642e+00,-5.916674982025186668e-04,-5.395466096268193091e-04,1.495720440603537458e-03
1.906906906906906940e+01,4.000535013946771912e+00,-6.182365085408017893e-04,-4.651780759361826456e-04,1.476808032858556831e-03
1.911911911911911943e+01,4.000503497928249885e+00,-6.403572373794930508e-04,-3.919390006617203557e-04,1.446647973923177472e-03
1.916916916916916946e+01,4.000470973558374332e+00,-6.585485849852863510e-04,-3.202049126667123186e-04,1.416799751121567341e-03
1.921921921921921950e+01,4.000437644639251111e+00,-6.725461155924411039e-04,-2.501995033948910870e-04,1.378170229575157888e-03
1.926926926926926953e+01,4.000403711875179624e+00,-6.824959763525427362e-04,-1.821893103352560553e-04,1.331890997607284828e-03
1.931931931931931956e+01,4.000369372293758552e+00,-6.889765812026036208e-04,-1.164871852553215926e-04,1.289909309015172065e-03
1.936936936936936959e+01,4.000334808611238024e+00,-6.914183966605522364e-04,-5.319440816780299550e-05,1.234191308140165444e-03
1.941941941941941963e+01,4.000300205150783661e+00,-6.907164390992175627e-04,7.372709914382819836e-06,1.184251925493522845e-03
1.946946946946946966e+01,4.000265729488434729e+00,-6.864077134641337905e-04,6.514327397407065358e-05,1.124259871979956839e-03
1.951951951951951969e+01,4.000231546728633347e+00,-6.790033028337716945e-04,1.199107593204007545e-04,1.063322492851974301e-03
1.956956956956956972e+01,4.000197810553260958e+00,-6.686339799540808471e-04,1.715536095486312306e-04,1.000523265813348236e-03
1.961961961961961975e+01,4.000164664478193188e+00,-6.553016434427080296e-04,2.199936270515547563e-04,9.314483302201351754e-04
1.966966966966966979e+01,4.000132246557566162e+00,-6.396667913209882258e-04,2.650667834893809032e-04,8.685619651555453362e-04
1.971971971971971982e+01,4.000100678862784420e+00,-6.214166021706799253e-04,3.067888694489242108e-04,7.990718538534296320e-04
1.976976976976976985e+01,4.000070078332243817e+00,-6.010065268448299813e-04,3.450704198843467484e-04,7.299544890464710689e-04
1.981981981981981988e+01,4.000040550205051559e+00,-5.786363003678858313e-04,3.798830008349033489e-04,6.615257540466321475e-04
1.986986986986986992e+01,4.000012188397890966e+00,-5.543164252205229738e-04,4.112474445650233048e-04,5.891848728867010460e-04
1.991991991991991995e+01,3.999985080406475380e+00,-5.286426581362665793e-04,4.391064700596664636e-04,5.234498747638043027e-04
1.996996996996996998e+01,3.999959298823178688e+00,-5.014442410887687187e-04,4.635443295162653267e-04,4.550561154432713855e-04
2.002002002002002001e+01,3.999934909088552537e+00,-4.729943418115815533e-04,4.845881934201001296e-04,3.862530524618812237e-04
2.007007007007007005e+01,3.999911967628911658e+00,-4.436917865606654137e-04,5.022590378325364913e-04,3.226027274071955253e-04
2.012012012012012008e+01,3.999890517446949456e+00,-4.133331196423908785e-04,5.166893813239846218e-04,2.541922558230793900e-04
2.017017017017017011e+01,3.999870597728980126e+00,-3.825972206086775216e-04,5.278798532257463275e-04,1.940105236217676298e-04
2.022022022022022014e+01,3.999852232648085426e+00,-3.512313143738637184e-04,5.359941822043290220e-04,1.310978177688003170e-04
2.027027027027027017e+01,3.999835441531982561e+00,-3.196135571972995347e-04,5.411030262630033005e-04,7.093419913121104124e-05
2.032032032032032021e+01,3.999820234577176503e+00,-2.880231233667028025e-04,5.433020083590633974e-04,1.659544904523933964e-05
2.037037037037037024e+01,3.999806611298096115e+00,-2.563389846669839067e-04,5.427597848610527485e-04,-3.901633081010410972e-05
2.042042042042042027e+01,3.999794567057599615e+00,-2.250141064764494539e-04,5.395579418883688109e-04,-8.799077173884271494e-05
2.047047047047047030e+01,3.999784086026669350e+00,-1.938983004119621445e-04,5.338820715128428027e-04,-1.378126880887617920e-04
2.052052052052052034e+01,3.999775148004979464e+00,-1.632522261309860489e-04,5.258552106313655250e-04,-1.851544952155996298e-04
2.057057057057057037e+01,3.999767726640315324e+00,-1.333975900789612762e-04,5.155939186830093938e-04,-2.249064105169981665e-04
2.062062062062062040e+01,3.999761785961834626e+00,-1.040985175406699252e-04,5.033082657668983429e-04,-2.661536484669344851e-04
2.067067067067067043e+01,3.999757288389050647e+00,-7.575787219164831796e-05,4.891056019573074461e-04,-3.012623779258680667e-04
2.072072072072072046e+01,3.999754188535625143e+00,-4.836402115951402106e-05,4.731615562371159836e-04,-3.330884086753695800e-04
2.077077077077077050e+01,3.999752435821938068e+00,-2.183123069610610003e-05,4.556635937557372627e-04,-3.661800701475265347e-04
2.082082082082082053e+01,3.999751979138862712e+00,3.335545413536248053e-06,4.367016647245066177e-04,-3.896009956171116867e-04
2.087087087087087056e+01,3.999752757721366514e+00,2.755856974282928974e-05,4.165151765238907797e-04,-4.161479871740998552e-04
2.092092092092092059e+01,3.999754712621972352e+00,5.044412406948902382e-05,3.952077049923392047e-04,-4.373133381216246039e-04
2.097097097097097063e+01,3.999757779929952406e+00,7.192791047971881758e-05,3.729332567728132868e-04,-4.528805260669760738e-04
2.102102102102102066e+01,3.999761891560135840e+00,9.222119747207919917e-05,3.498868270102480343e-04,-4.695358931890877244e-04
2.107107107107107069e+01,3.999766981430139978e+00,1.109026578116334958e-04,3.261555587836429022e-04,-4.774085976719511762e-04
2.112112112112112072e+01,3.999772976496507315e+00,1.284051491595485648e-04,3.019608773655972091e-04,-4.884892414450411977e-04
2.117117117117117076e+01,3.999779807265762877e+00,1.444179695284920049e-04,2.773971908106950173e-04,-4.953548247857282550e-04
2.122122122122122079e+01,3.999787402065981823e+00,1.588574233358768656e-04,2.525898645487962180e-04,-4.962515300297020565e-04
2.127127127127127082e+01,3.999795686415588136e+00,1.720281968943393339e-04,2.277211631714654179e-04,-4.992712207278818520e-04
2.132132132132132085e+01,3.999804589885866068e+00,1.835960169251276764e-04,2.028622093203114062e-04,-4.958158177208445237e-04
2.137137137137137444e+01,3.999814038873810595e+00,1.937877651819977672e-04,1.781685779772123745e-04,-4.916126958329121183e-04
2.142142142142142447e+01,3.999823962087948548e+00,2.025764246903929261e-04,1.537470054551998806e-04,-4.856649125928970477e-04
2.147147147147147450e+01,3.999834289929785847e+00,2.098292487512894774e-04,1.296793722281944781e-04,-4.740884999892092198e-04
2.152152152152152453e+01,3.999844950732991400e+00,2.159501838705889926e-04,1.061274090070493344e-04,-4.667200702024614152e-04
2.157157157157157457e+01,3.999855879219082144e+00,2.205853901517112071e-04,8.312128914643179291e-05,-4.536812096193517654e-04
2.162162162162162460e+01,3.999867008380858735e+00,2.239486350415121512e-04,6.077590433893039428e-05,-4.396324090319808880e-04
2.167167167167167463e+01,3.999878274272293588e+00,2.261004611500731180e-04,3.917317864270493030e-05,-4.251590893135202159e-04
2.172172172172172466e+01,3.999889616596634667e+00,2.268890837774342111e-04,1.835243622916357716e-05,-4.052547526055062018e-04
2.177177177177177470e+01,3.999900973792144043e+00,2.267588716097764326e-04,-1.557577813000263437e-06,-3.902198127211365091e-04
2.182182182182182473e+01,3.999912291935903141e+00,2.253682683448988608e-04,-2.056420346747903224e-05,-3.699632412353989069e-04
2.187187187187187476e+01,3.999923516092780407e+00,2.229830578635560176e-04,-3.858332085027114244e-05,-3.500103394256549459e-04
2.192192192192192479e+01,3.999934595535002746e+00,2.196708136104353877e-04,-5.557068409041334979e-05,-3.306999010006157497e-04
2.197197197197197482e+01,3.999945483831995663e+00,2.153040629053918438e-04,-7.152121973209274561e-05,-3.072758885489793230e-04
2.202202202202202486e+01,3.999956134795714657e+00,2.102162862792579436e-04,-8.636173606843667954e-05,-2.868461342344422985e-04
2.207207207207207489e+01,3.999966508649098085e+00,2.042366380281221438e-04,-1.001082472751639249e-04,-2.634520512769126317e-04
2.212212212212212492e+01,3.999976566756424656e+00,1.975321391409799797e-04,-1.127282426963509943e-04,-2.398375049342453633e-04
2.217217217217217495e+01,3.999986273857055519e+00,1.902592755404146720e-04,-1.241972754040324687e-04,-2.184561523195195838e-04
2.222222222222222499e+01,3.999995599747964370e+00,1.823000395893284377e-04,-1.345417490456442342e-04,-1.946602060519665148e-04
2.227227227227227502e+01,4.000004515185824339e+00,1.739102460746053743e-04,-1.437327791569029090e-04,-1.734591582923770297e-04
2.232232232232232505e+01,4.000012996586639780e+00,1.649727599105914756e-04,-1.518077599360300161e-04,-1.502334186569625552e-04
2.237237237237237508e+01,4.000021022023307005e+00,1.556257092943216292e-04,-1.587674820917557366e-04,-1.269728688404181123e-04
2.242242242242242511e+01,4.000028572529598314e+00,1.460484771485010436e-04,-1.646107166715199649e-04,-1.067546308223351654e-04
2.247247247247247515e+01,4.000035634548551933e+00,1.360644000500078540e-04,-1.693987105744769917e-04,-8.348469887878473452e-05
2.252252252252252518e+01,4.000042194254422867e+00,1.260277701239707979e-04,-1.731100415493916952e-04,-6.482149076995085042e-05
2.257257257257257521e+01,4.000048244350294269e+00,1.157342634143019000e-04,-1.758181045695409903e-04,-4.403047864829537323e-05
2.262262262262262524e+01,4.000053778010626893e+00,1.053644472970674572e-04,-1.775367395604467396e-04,-2.436674972059495927e-05
2.267267267267267528e+01,4.000058791727955310e+00,9.501634134556516224e-05,-1.782961674757735262e-04,-7.002663384133889697e-06
2.272272272272272531e+01,4.000063285923471490e+00,8.459053356213226303e-05,-1.781613816612809796e-04,1.193603413380537649e-05
2.277277277277277534e+01,4.000067261572727517e+00,7.430481160499139597e-05,-1.771477882717098181e-04,2.806986808388118438e-05
2.282282282282282537e+01,4.000070723958707219e+00,6.407954574968512953e-05,-1.753211786411939166e-04,4.464199553967970719e-05
2.287287287287287540e+01,4.000073679479411837e+00,5.402151303847752868e-05,-1.727184113173158551e-04,6.001474789663719067e-05
2.292292292292292544e+01,4.000076136671565585e+00,4.423958496942804802e-05,-1.693771619886410217e-04,7.242917968519176834e-05
2.297297297297297547e+01,4.000078107715244080e+00,3.458365062918399685e-05,-1.653782134486443808e-04,8.674841799577456629e-05
2.302302302302302550e+01,4.000079604369114250e+00,2.526460076542590895e-05,-1.607439417408499369e-04,9.843759246008920044e-05
2.307307307307307553e+01,4.000080641667630665e+00,1.624534295294088513e-05,-1.555374177922947364e-04,1.092968932872287111e-04
2.312312312312312557e+01,4.000081235933749646e+00,7.531363840051445097e-06,-1.498146897127145254e-04,1.199535601116721937e-04
2.317317317317317560e+01,4.000081403928271939e+00,-7.187188197932766071e-07,-1.436064617504097523e-04,1.270051644768515936e-04
2.322322322322322563e+01,4.000081165706030895e+00,-8.669321357224196514e-06,-1.369955570328538965e-04,1.353222043135540341e-04
2.327327327327327566e+01,4.000080540656125727e+00,-1.620504777467863405e-05,-1.300182692906449056e-04,1.424727797162581532e-04
2.332332332332332570e+01,4.000079549079966768e+00,-2.320415038488355544e-05,-1.227087689748099534e-04,1.457886388887772713e-04
2.337337337337337573e+01,4.000078214812501365e+00,-2.997675309919285594e-05,-1.151704194335003388e-04,1.536884972863236882e-04
2.342342342342342576e+01,4.000076557765326335e+00,-3.610739803055919414e-05,-1.073866485127258794e-04,1.557743739900860412e-04
2.347347347347347579e+01,4.000074603002326867e+00,-4.191391309572083611e-05,-9.945889641856938768e-05,1.605257470010015950e-04
2.352352352352352582e+01,4.000072372508792107e+00,-4.716627055098575777e-05,-9.139733100097668797e-05,1.622007214503504548e-04
2.357357357357357586e+01,4.000069890301693576e+00,-5.191645774443343786e-05,-8.325615835933479090e-05,1.622793791801297684e-04
2.362362362362362589e+01,4.000067180870892081e+00,-5.627195011460237446e-05,-7.509651523736792162e-05,1.636133394898289426e-04
2.367367367367367592e+01,4.000064266907058297e+00,-6.005544181072709563e-05,-6.693081186856945420e-05,1.616367708536652103e-04
2.372372372372372595e+01,4.000061173405013548e+00,-6.347281913648995246e-05,-5.883166571838076406e-05,1.616274140616911733e-04
2.377377377377377599e+01,4.000057922882428230e+00,-6.637387503908810042e-05,-5.081114565784290910e-05,1.596085983917731378e-04
2.382382382382382602e+01,4.000054538462857856e+00,-6.875685069331948852e-05,-4.290306063648323317e-05,1.553879862588114307e-04
2.387387387387387605e+01,4.000051043980018761e+00,-7.080045763933098509e-05,-3.516813474739635253e-05,1.533880089734521244e-04
2.392392392392392608e+01,4.000047460382990749e+00,-7.230933912520469929e-05,-2.760345336026871557e-05,1.483215022376250831e-04
2.397397397397397611e+01,4.000043810396129551e+00,-7.346505912432800783e-05,-2.026502372793724126e-05,1.445981587758906966e-04
2.402402402402402615e+01,4.000040114702117400e+00,-7.423423679595280832e-05,-1.317115644752852598e-05,1.410358805170660462e-04
2.407407407407407618e+01,4.000036392368043536e+00,-7.444719156349031790e-05,-6.315306979618825677e-06,1.328960589919305315e-04
2.412412412412412621e+01,4.000032665072798643e+00,-7.447718002944835167e-05,2.230361856196091493e-07,1.294362837668298026e-04
2.417417417417417624e+01,4.000028949066344985e+00,-7.397665785704323860e-05,6.484601533594948405e-06,1.212626638591711182e-04
2.422422422422422628e+01,4.000025263660991648e+00,-7.322923221046075278e-05,1.240961647089194558e-05,1.152633803997407165e-04
2.427427427427427631e+01,4.000021624811641807e+00,-7.214032412257912863e-05,1.800251004373257859e-05,1.085338703143853508e-04
2.432432432432432634e+01,4.000018047776162433e+00,-7.066401941854336534e-05,2.326217810512535273e-05,9.940857516617732093e-05
2.437437437437437637e+01,4.000014548868744413e+00,-6.908530855610481357e-05,2.813584419965189939e-05,9.475633176639170158e-05
2.442442442442442641e+01,4.000011139708322006e+00,-6.711337848514486971e-05,3.266698310260817968e-05,8.655699887027771264e-05
2.447447447447447644e+01,4.000007833874521523e+00,-6.493785253422666389e-05,3.682282659631982817e-05,7.919442446157476259e-05
2.452452452452452647e+01,4.000004642673328448e+00,-6.256029180801107458e-05,4.060339004020105532e-05,7.218747827054994607e-05
2.457457457457457650e+01,4.000001575770757434e+00,-5.989531139801892426e-05,4.402486941980190326e-05,6.280541313083205410e-05
2.462462462462462653e+01,3.999998643997923597e+00,-5.721451501435917376e-05,4.704707523204998561e-05,5.754046458654063994e-05
2.467467467467467657e+01,3.999995853842939209e+00,-5.427372803895343762e-05,4.971578592463057905e-05,4.956088414716894357e-05
2.472472472472472660e+01,3.999993213124505065e+00,-5.120933660157724911e-05,5.201632799027021582e-05,4.187199828535765749e-05
2.477477477477477663e+01,3.999990728202166501e+00,-4.809424583311181932e-05,5.394594221400226039e-05,3.584589044495014204e-05
2.482482482482482666e+01,3.999988403034035134e+00,-4.478555894462297283e-05,5.553853026495994831e-05,2.728809354404851124e-05
2.487487487487487670e+01,3.999986242677308734e+00,-4.147483047349327434e-05,5.677471908943949202e-05,2.065645163860661666e-05
2.492492492492492673e+01,3.999984249766167732e+00,-3.812612728792156371e-05,5.767346647092349448e-05,1.454427003203285847e-05
2.497497497497497676e+01,3.999982425679449616e+00,-3.465585604110831241e-05,5.826258835123281033e-05,6.328234743715283922e-06
2.502502502502502679e+01,3.999980773179691251e+00,-3.134497872255632473e-05,5.851135389915264123e-05,2.820359199385948911e-06
2.507507507507507682e+01,3.999979290408114174e+00,-2.788253675975884105e-05,5.848649168574870434e-05,-4.442920973709554429e-06
2.512512512512512686e+01,3.999977978454507088e+00,-2.455748248161103878e-05,5.815753091939759655e-05,-8.406276248696481853e-06
2.517517517517517689e+01,3.999976834578967910e+00,-2.117904375496452754e-05,5.757291407210304667e-05,-1.438874946720089246e-05
2.522522522522522692e+01,3.999975856864637080e+00,-1.780614536886407346e-05,5.674082112495686320e-05,-2.123681560901488394e-05
2.527527527527527695e+01,3.999975043793669638e+00,-1.467299102252721088e-05,5.564120660891617157e-05,-2.324628181906179434e-05
2.532532532532532699e+01,3.999974389720182266e+00,-1.146498233463075071e-05,5.434388375940781582e-05,-2.886958921194147590e-05
2.537537537537537702e+01,3.999973891992254060e+00,-8.438353727482432624e-06,5.282566415035248804e-05,-3.178741659210123483e-05
2.542542542542542705e+01,3.999973545112089024e+00,-5.488011331213177371e-06,5.112241409100002444e-05,-3.499240175561698756e-05
2.547547547547547708e+01,3.999973343498048006e+00,-2.576849572547576180e-06,4.925888245506062539e-05,-3.969667999018496935e-05
2.552552552552552712e+01,3.999973282468321845e+00,1.164540717401975398e-07,4.722448557392717750e-05,-4.151319410609494019e-05
2.557557557557557715e+01,3.999973354711803264e+00,2.763951971914601268e-06,4.506569266865002708e-05,-4.509259994456006311e-05
2.562562562562562718e+01,3.999973554228695605e+00,5.272540065061779076e-06,4.278541425395305126e-05,-4.821080071234127396e-05
2.567567567567567721e+01,3.999973874770606397e+00,7.538644453453855836e-06,4.038449848948924803e-05,-4.834946894593607268e-05
2.572572572572572724e+01,3.999974307728470180e+00,9.790193204448743023e-06,3.791748025903133809e-05,-5.153185074218033480e-05
2.577577577577577728e+01,3.999974847572168812e+00,1.173311342242709956e-05,3.535319932137123521e-05,-5.027134880167085561e-05
2.582582582582582731e+01,3.999975484727177566e+00,1.368619229967439117e-05,3.275998276649968603e-05,-5.289329296018816206e-05
2.587587587587587734e+01,3.999976212681547683e+00,1.546327074729605719e-05,3.012313203372786653e-05,-5.465492968356117559e-05
2.592592592592592737e+01,3.999977024308250417e+00,1.696226286596659808e-05,2.744101907398720206e-05,-5.296452194288392228e-05
2.597597597597597741e+01,3.999977910098656775e+00,1.845141531228935039e-05,2.477176871051702122e-05,-5.477814893493959984e-05
2.602602602602602744e+01,3.999978864122740063e+00,1.963226068735387286e-05,2.208026727994338522e-05,-5.239017783831613359e-05
2.607607607607607747e+01,3.999979876926215816e+00,2.076997601983422890e-05,1.942263732641080786e-05,-5.263906289072421273e-05
2.612612612612612750e+01,3.999980941549892144e+00,2.174637097216122172e-05,1.679163026718506662e-05,-5.244045733703121419e-05
2.617617617617617753e+01,3.999982050770134023e+00,2.250212695447000697e-05,1.418879041082025923e-05,-5.021425963243104381e-05
2.622622622622622757e+01,3.999983195865591146e+00,2.323711364199025232e-05,1.165713519758445469e-05,-5.106117527125434254e-05
2.627627627627627760e+01,3.999984370867852856e+00,2.374233439102980668e-05,9.172096885223947311e-06,-4.950332119308328296e-05
2.632632632632632763e+01,3.999985568161021909e+00,2.410086167358781474e-05,6.755927974354829747e-06,-4.759526656157910538e-05
2.637637637637637766e+01,3.999986780485671023e+00,2.437469343529703812e-05,4.426583949237173680e-06,-4.683446579819040292e-05
2.642642642642642770e+01,3.999988002325774339e+00,2.438891373631951208e-05,2.162493254272707268e-06,-4.258574107194793403e-05
2.647647647647647773e+01,3.999989225336186394e+00,2.445878905319552943e-05,2.124595377047307232e-08,-4.286827324962001696e-05
2.652652652652652776e+01,3.999990445126325067e+00,2.431897568012812420e-05,-2.035181489029573406e-06,-4.069077774257577070e-05
2.657657657657657779e+01,3.999991655470603646e+00,2.404253623140865657e-05,-3.990402977800751964e-06,-3.779710688007994525e-05
2.662662662662662783e+01,3.999992850236044006e+00,2.373807861907106377e-05,-5.823042067979837770e-06,-3.684235560616653339e-05
2.667667667667667786e+01,3.999994025683611287e+00,2.318739096318080559e-05,-7.565860830305918926e-06,-3.203155327979077609e-05
2.672672672672672789e+01,3.999995175000925052e+00,2.271239615120684854e-05,-9.164224993949507622e-06,-3.152010319891928903e-05
2.677677677677677792e+01,3.999996295469581575e+00,2.204188991264503388e-05,-1.066105991554081936e-05,-2.813487210862093764e-05
2.682682682682682795e+01,3.999997382223447140e+00,2.130041414657465223e-05,-1.203540983427930730e-05,-2.492457669236373789e-05
2.687687687687687799e+01,3.999998430916915204e+00,2.058649335010625687e-05,-1.327125190404030640e-05,-2.426370151832178706e-05
2.692692692692692802e+01,3.999999439390592215e+00,1.970926046460449530e-05,-1.440045449108750507e-05,-2.104866834845229835e-05
2.697697697697697805e+01,4.000000403579266894e+00,1.883615735011147022e-05,-1.539701984963483979e-05,-1.943328113643726901e-05
2.702702702702702808e+01,4.000001321429051515e+00,1.787261978856343614e-05,-1.627830235054848000e-05,-1.680258431368388341e-05
2.707707707707707812e+01,4.000002190672685032e+00,1.681366470400243133e-05,-1.704758274243673815e-05,-1.285758606609182134e-05
2.712712712712712815e+01,4.000003008147205108e+00,1.585109496139210043e-05,-1.767653173485076603e-05,-1.238586091780837761e-05
2.717717717717717818e+01,4.000003773713022959e+00,1.475213482531615439e-05,-1.820659653141000768e-05,-9.208157226689117039e-06
2.722722722722722821e+01,4.000004485018467726e+00,1.368687985515903432e-05,-1.861389813035040438e-05,-7.557781874715810582e-06
2.727727727727727824e+01,4.000005141535658559e+00,1.258802715391829143e-05,-1.891370285602713983e-05,-5.538659705718784385e-06
2.732732732732732828e+01,4.000005742949282350e+00,1.140427609014741052e-05,-1.911902073320187587e-05,-1.672987889739034466e-06
2.737737737737737831e+01,4.000006287367518176e+00,1.038171358045684699e-05,-1.919463603862844219e-05,-2.171873455327989228e-06
2.742742742742742834e+01,4.000006776905938644e+00,9.178007937146602280e-06,-1.920165772738892870e-05,1.950648766969351371e-06
2.747747747747747837e+01,4.000007210008972969e+00,8.075728011980601252e-06,-1.909943195461055333e-05,3.528828796785696593e-06
2.752752752752752841e+01,4.000007587624828886e+00,7.002734084940476210e-06,-1.890540492219950944e-05,4.554858650730316821e-06
2.757757757757757844e+01,4.000007910892530383e+00,5.895981289713350988e-06,-1.863570246544913507e-05,6.779008935301323216e-06
2.762762762762762847e+01,4.000008179936672903e+00,4.889900045538676985e-06,-1.827434468833071215e-05,6.842194819624218658e-06
2.767767767767767850e+01,4.000008397024433116e+00,3.814222386548624872e-06,-1.785518017555964349e-05,9.250344142838153087e-06
2.772772772772772854e+01,4.000008562781488308e+00,2.790431852717590565e-06,-1.736449403336288606e-05,1.096382222847400696e-05
2.777777777777777857e+01,4.000008678612782198e+00,1.846032383216158820e-06,-1.680393774020805359e-05,1.136338155080495627e-05
2.782782782782782860e+01,4.000008746937966819e+00,8.746972584055575456e-07,-1.619700268989755424e-05,1.327969894959219164e-05
2.787787787787787863e+01,4.000008768688306127e+00,2.988017761409635267e-08,-1.552474157200961914e-05,1.282365210454053793e-05
2.792792792792792866e+01,4.000008746984764052e+00,-8.599694600136513029e-07,-1.482119397500138271e-05,1.449531833773622650e-05
2.797797797797797870e+01,4.000008683410189114e+00,-1.703923858874976186e-06,-1.407746544533366683e-05,1.600529574039304118e-05
2.802802802802802873e+01,4.000008579735010450e+00,-2.424284481213518109e-06,-1.328670601040439616e-05,1.539819508911120070e-05
2.807807807807807876e+01,4.000008439543809580e+00,-3.216561233379481478e-06,-1.248652307722696457e-05,1.776979237544516036e-05
2.812812812812812879e+01,4.000008263554632570e+00,-3.811052812639049678e-06,-1.163842833433913918e-05,1.618871668262136543e-05
2.817817817817817883e+01,4.000008055851902888e+00,-4.461840081718117304e-06,-1.078925051719146687e-05,1.724910834726267047e-05
2.822822822822822886e+01,4.000007818167273577e+00,-5.043867101870883793e-06,-9.923734805039026517e-06,1.774221902409443794e-05
2.827827827827827889e+01,4.000007552792436805e+00,-5.516266421912561192e-06,-9.040154844634801600e-06,1.662750820496516286e-05
2.832832832832832892e+01,4.000007263257972845e+00,-6.031995211022572271e-06,-8.168194203119619933e-06,1.786554404129507946e-05
2.837837837837837895e+01,4.000006951059905447e+00,-6.421789936405648307e-06,-7.284700176284403706e-06,1.708527746875239791e-05
2.842842842842842899e+01,4.000006619552721965e+00,-6.812375204667104130e-06,-6.414582651993267493e-06,1.755690883778406215e-05
2.847847847847847902e+01,4.000006270877834780e+00,-7.142178989482841714e-06,-5.551755656881470781e-06,1.767979118540213081e-05
2.852852852852852905e+01,4.000005907152087481e+00,-7.351248367990720048e-06,-4.690129746930926805e-06,1.588957660941641627e-05
2.857857857857857908e+01,4.000005531953900295e+00,-7.618166547853936323e-06,-3.862278030342681142e-06,1.677974108180731291e-05
2.862862862862862912e+01,4.000005146614035390e+00,-7.774501341235917683e-06,-3.043852988558946793e-06,1.597310928518195551e-05
2.867867867867867915e+01,4.000004753981786010e+00,-7.902392682037443367e-06,-2.251127578697893120e-06,1.556199291551341215e-05
2.872872872872872918e+01,4.000004356347678147e+00,-8.007081669444449473e-06,-1.487541359502781762e-06,1.564772270279954965e-05
2.877877877877877921e+01,4.000003955212324769e+00,-7.981539829475231332e-06,-7.379273035150777721e-07,1.342713867714467170e-05
2.882882882882882924e+01,4.000003553780174137e+00,-8.002293295879571241e-06,-3.312353258049780018e-08,1.341980796319176827e-05
2.887887887887887928e+01,4.000003153376701093e+00,-7.963294162322018477e-06,6.424323596351453761e-07,1.284139594340471212e-05
2.892892892892892931e+01,4.000002755520311482e+00,-7.804735381455637147e-06,1.297026932745747609e-06,1.009957266211476955e-05
2.897897897897897934e+01,4.000002363688150098e+00,-7.793297656432221813e-06,1.885921099388383246e-06,1.203507075511329498e-05
2.902902902902902937e+01,4.000001977370517103e+00,-7.581677159892198885e-06,2.464856166425827523e-06,9.623180245763897356e-06
2.907907907907907941e+01,4.000001600074369890e+00,-7.475944405898485015e-06,2.983176588311517403e-06,1.071867550872502469e-05
2.912912912912912944e+01,4.000001231861328499e+00,-7.254821245501260829e-06,3.476550043141590910e-06,9.549969961679759850e-06
2.917917917917917947e+01,4.000000874579017207e+00,-6.998029471123884952e-06,3.931747727000351517e-06,8.121376458869810315e-06
2.922922922922922950e+01,4.000000529891056367e+00,-6.774661299471303554e-06,4.337501527405827576e-06,8.161894915279319305e-06
2.927927927927927954e+01,4.000000198017338526e+00,-6.443879957009791990e-06,4.717025003095052415e-06,5.976246415867470980e-06
2.932932932932932957e+01,3.999999881196907747e+00,-6.203044934402424819e-06,5.038532332148976250e-06,6.607006305331428657e-06
2.937937937937937960e+01,3.999999579259589044e+00,-5.886673507489775242e-06,5.329656653807712165e-06,5.722247518509693427e-06
2.942942942942942963e+01,3.999999293110127585e+00,-5.517753145889509637e-06,5.587447881590544182e-06,3.859992532662560934e-06
2.947947947947947966e+01,3.999999024194936581e+00,-5.223077563513989806e-06,5.792180038364248739e-06,4.241014445142794846e-06
2.952952952952952970e+01,3.999998771959996979e+00,-4.830532373362151659e-06,5.973073417083863948e-06,2.364197252512491718e-06
2.957957957957957973e+01,3.999998537913940666e+00,-4.511817609304074213e-06,6.103370830947245566e-06,2.612693155422058983e-06
2.962962962962962976e+01,3.999998321912990207e+00,-4.193933438017731098e-06,6.196387437501101026e-06,3.048762833770445179e-06
2.967967967967967979e+01,3.999998123326269805e+00,-3.743098586726834690e-06,6.275477015195027265e-06,1.658403340286930048e-07
2.972972972972972983e+01,3.999997944172080988e+00,-3.460590681292164033e-06,6.293083525554005495e-06,1.699666224206924524e-06
2.977977977977977986e+01,3.999997782409455027e+00,-3.020254259045134469e-06,6.304157954410998466e-06,-8.230199426591171215e-07
2.982982982982982989e+01,3.999997639614311318e+00,-2.682845946418125510e-06,6.267929194210282254e-06,-7.094660022576668557e-07
2.987987987987987992e+01,3.999997514813030897e+00,-2.319253721974414120e-06,6.207330653578133839e-06,-1.337737610168897072e-06
2.992992992992993351e+01,3.999997407507653868e+00,-1.888587473848322334e-06,6.130949770965749641e-06,-3.804249670958618430e-06
2.997997997997998354e+01,3.999997318909617849e+00,-1.632678102081664593e-06,6.001268206447925112e-06,-1.898428395528172994e-06
3.003003003003003357e+01,3.999997246774844140e+00,-1.257737342449836306e-06,5.868227227343192099e-06,-3.245982281455997139e-06
3.008008008008008360e+01,3.999997191720868095e+00,-9.334444665950613715e-07,5.706136507952374904e-06,-3.495573067425695322e-06
3.013013013013013364e+01,3.999997153029410946e+00,-6.277138244979511899e-07,5.522248681278407156e-06,-3.506293446604193200e-06
3.018018018018018367e+01,3.999997129541748908e+00,-2.475718342383920447e-07,5.333753817103483016e-06,-5.707817180983178109e-06
3.023023023023023370e+01,3.999997122157552987e+00,-3.383567838187885780e-08,5.103346556413522989e-06,-3.903122417115012098e-06
3.028028028028028373e+01,3.999997128755368614e+00,2.437538044127802554e-07,4.870594545757529109e-06,-4.063733149749029986e-06
3.033033033033033377e+01,3.999997148831099025e+00,5.531728060157342564e-07,4.632224075238984915e-06,-5.382022912627777188e-06
3.038038038038038380e+01,3.999997182698725950e+00,7.274673037766782839e-07,4.362899528467819010e-06,-3.561633377546662966e-06
3.043043043043043383e+01,3.999997227678488532e+00,1.068937520072020451e-06,4.113836210065793456e-06,-6.427741506556507311e-06
3.048048048048048386e+01,3.999997285274964565e+00,1.213759141579001274e-06,3.827466392095353300e-06,-4.592474435233943918e-06
3.053053053053053389e+01,3.999997352776667459e+00,1.462440695731531420e-06,3.554602180643583779e-06,-5.829813841247591316e-06
3.058058058058058393e+01,3.999997429984056385e+00,1.715644558590779851e-06,3.280724611814802717e-06,-7.580609680937645422e-06
3.063063063063063396e+01,3.999997517209354481e+00,1.791532320286164629e-06,2.977778326706024874e-06,-5.151862802339425713e-06
3.068068068068068399e+01,3.999997611628151262e+00,2.003973643500474920e-06,2.698547350136270769e-06,-6.655910627274202981e-06
3.073073073073073402e+01,3.999997714110591573e+00,2.081953606449976284e-06,2.400266762587195895e-06,-5.091386746447900924e-06
3.078078078078078406e+01,3.999997822532995073e+00,2.228906616870448139e-06,2.117533255635334941e-06,-5.713183800591217446e-06
3.083083083083083409e+01,3.999997936318339775e+00,2.404645963035473101e-06,1.845092127563925790e-06,-7.479862842036803420e-06
3.088088088088088412e+01,3.999998055903293270e+00,2.410314729737197328e-06,1.551701297353689881e-06,-5.248623256096037128e-06
3.093093093093093415e+01,3.999998178707107055e+00,2.527006470272310161e-06,1.284370882516485939e-06,-6.275368304962226350e-06
3.098098098098098419e+01,3.999998304930333592e+00,2.598426080225891540e-06,1.018625374813886653e-06,-6.513648581258509087e-06
3.103103103103103422e+01,3.999998434051560636e+00,2.585886567336395076e-06,7.490944009496755190e-07,-4.954153999121320141e-06
3.108108108108108425e+01,3.999998564209342966e+00,2.666579921432919728e-06,5.055530125925906998e-07,-6.163841699773983058e-06
3.113113113113113428e+01,3.999998696335412607e+00,2.579749609072204384e-06,2.461980996787508541e-07,-3.393200021220195896e-06
3.118118118118118431e+01,3.999998827665733447e+00,2.654161509370379515e-06,2.536209565393200034e-08,-5.122996377269989001e-06
3.123123123123123435e+01,3.999998958970263363e+00,2.664057855780718468e-06,-1.932276742968263878e-07,-5.505830711875700772e-06
3.128128128128128438e+01,3.999999089809679109e+00,2.580234507125637228e-06,-4.138499551506787561e-07,-3.771736729711997224e-06
3.133133133133133441e+01,3.999999218322828121e+00,2.603931349012053141e-06,-6.032559217764776340e-07,-5.103920714544615849e-06
3.138138138138138444e+01,3.999999345675562701e+00,2.462852339889423315e-06,-8.055771097593620059e-07,-2.450240943947536194e-06
3.143143143143143448e+01,3.999999469393137108e+00,2.466724524128705864e-06,-9.700250481373661333e-07,-3.795658260792007705e-06
3.148148148148148451e+01,3.999999590160300489e+00,2.431073918879208283e-06,-1.126559653600602697e-06,-4.356088239248248313e-06
3.153153153153153454e+01,3.999999707925056214e+00,2.294045724897434615e-06,-1.285203241942195191e-06,-2.515210408613158395e-06
3.158158158158158457e+01,3.999999820900221437e+00,2.274509019318477392e-06,-1.410230022328390355e-06,-3.909502555765102479e-06
3.163163163163163460e+01,3.999999930148129934e+00,2.146395866795238512e-06,-1.538611643912435712e-06,-2.679538026241568725e-06
3.168168168168168464e+01,4.000000034469923804e+00,2.047656236243199211e-06,-1.647968585918925724e-06,-2.370942557677491400e-06
3.173173173173173467e+01,4.000000133677351855e+00,1.962349910770912462e-06,-1.741104050702049303e-06,-2.553364521149885793e-06
3.178178178178178470e+01,4.000000228258555168e+00,1.773491159465819049e-06,-1.837374257256451379e-06,-1.859034476549950145e-07
3.183183183183183473e+01,4.000000316332791073e+00,1.744989124837916499e-06,-1.894017713753113912e-06,-2.069022439267474146e-06
3.188188188188188477e+01,4.000000399390297723e+00,1.612999301998672977e-06,-1.954468991083977331e-06,-1.367995733358322201e-06
3.193193193193193480e+01,4.000000476593442045e+00,1.487839381340998728e-06,-2.001135630679680903e-06,-9.156607272899022391e-07
3.198198198198198483e+01,4.000000547638769888e+00,1.400812725919200889e-06,-2.029365531162083997e-06,-1.503824324366844931e-06
3.203203203203203486e+01,4.000000613457082466e+00,1.193221052649392623e-06,-2.065559081478360034e-06,9.842393176519793002e-07
3.208208208208208134e+01,4.000000672183054107e+00,1.154126289642407850e-06,-2.063063640115032178e-06,-9.040360046363907797e-07
3.213213213213213493e+01,4.000000725537173452e+00,1.009968780276857065e-06,-2.067093058343279681e-06,-8.546049287851028996e-08
3.218218218218218141e+01,4.000000772781357128e+00,8.810860740785858205e-07,-2.058591821707741292e-06,3.454174132348124268e-07
3.223223223223223499e+01,4.000000813670368416e+00,8.143074468011976556e-07,-2.030525143494753766e-06,-8.074366234130012625e-07
3.228228228228228147e+01,4.000000849362425726e+00,6.385709966625685933e-07,-2.011442452244516142e-06,8.888237094308953964e-07
3.233233233233233506e+01,4.000000878634097923e+00,5.637943921412644410e-07,-1.967720346076137811e-06,2.295188756172896353e-08
3.238238238238238154e+01,4.000000902621848375e+00,4.300911119599825825e-07,-1.926108559215500317e-06,7.374834803889347996e-07
3.243243243243243512e+01,4.000000921224293293e+00,2.769709959002548140e-07,-1.880816192571244664e-06,2.022357828809531643e-06
3.248248248248248160e+01,4.000000933821028504e+00,2.292856199363123377e-07,-1.812125214094946429e-06,6.617173559259497490e-07
3.253253253253253519e+01,4.000000941820133882e+00,9.371572056738640306e-08,-1.752252070368641367e-06,1.659398058410934957e-06
3.258258258258258167e+01,4.000000944399511482e+00,3.257789099926173530e-08,-1.675359592674386712e-06,8.298704784384175227e-07
3.263263263263263525e+01,4.000000942506262369e+00,-6.949984145045746749e-08,-1.600930915643712019e-06,1.161357200418904140e-06
3.268268268268268173e+01,4.000000936377988481e+00,-2.135131079612484103e-07,-1.529770184457441836e-06,2.686107413180059401e-06
3.273273273273273531e+01,4.000000925161416809e+00,-2.259898189884348827e-07,-1.434191184426902660e-06,9.278311789199585159e-07
3.278278278278278179e+01,4.000000910748120475e+00,-3.664026530362161516e-07,-1.357162216344360242e-06,2.595345759624782544e-06
3.283283283283283538e+01,4.000000891860031160e+00,-3.912550483236304382e-07,-1.259535353467053536e-06,1.401504945481475220e-06
3.288288288288288186e+01,4.000000869725423236e+00,-4.527697501863680968e-07,-1.166736427861042965e-06,1.282512873693909726e-06
3.293293293293293544e+01,4.000000844625152041e+00,-5.524597830590043337e-07,-1.079569957623567631e-06,2.279931163207938163e-06
3.298298298298298192e+01,4.000000815969813495e+00,-5.535876624460863135e-07,-9.762510963457810064e-07,8.626096843099738096e-07
3.303303303303303551e+01,4.000000785261151215e+00,-6.501492864169135200e-07,-8.889558917489233026e-07,2.043787076837589318e-06
3.308308308308308199e+01,4.000000751848345359e+00,-6.953815059696476140e-07,-7.942128045075435414e-07,2.031859237140246020e-06
3.313313313313313557e+01,4.000000716234353604e+00,-7.253255289622589959e-07,-6.983623140162462419e-07,1.757647832301868768e-06
3.318318318318318205e+01,4.000000678979896307e+00,-7.855480452933529656e-07,-6.092717675965654170e-07,2.397449781019044865e-06
3.323323323323323564e+01,4.000000639596247964e+00,-7.560801997121101397e-07,-5.077595140529682781e-07,8.500430960328656869e-07
3.328328328328328212e+01,4.000000599506663868e+00,-8.203520185698979797e-07,-4.241380183642823430e-07,1.852518601428097309e-06
3.333333333333333570e+01,4.000000558175684340e+00,-8.526847700522675722e-07,-3.382343270819030085e-07,2.155038549239953088e-06
3.338338338338338218e+01,4.000000515752097030e+00,-8.367940380814353895e-07,-2.477016597857262483e-07,1.333682211123813336e-06
3.343343343343343577e+01,4.000000473162899972e+00,-8.808055888632831092e-07,-1.704703050801939148e-07,2.178447050784565506e-06
3.348348348348348225e+01,4.000000429656894951e+00,-8.285750077244010708e-07,-8.130369583001327936e-08,6.510047747055398513e-07
3.353353353353353583e+01,4.000000386370827776e+00,-8.242757176268947962e-07,-3.955778906957276156e-09,4.719254593479021697e-07
3.358358358358358231e+01,4.000000343456243890e+00,-8.577274609341080824e-07,6.304429992926377062e-08,1.373429206194146637e-06
3.363363363363363590e+01,4.000000300057087621e+00,-7.609449234343735310e-07,1.469551186267872940e-07,-9.897478210199236597e-07
3.368368368368368237e+01,4.000000258382645058e+00,-8.529083011749523887e-07,1.955770887401328959e-07,1.618536045001667000e-06
3.373373373373373596e+01,4.000000216473253545e+00,-7.945461322902236919e-07,2.641519051908789488e-07,4.322102655353387313e-07
3.378378378378378244e+01,4.000000175963247528e+00,-8.175564197851947808e-07,3.147823839937624850e-07,1.431916540290463766e-06
3.383383383383383602e+01,4.000000136231550485e+00,-7.985731997668887484e-07,3.675545427197183806e-07,1.424410508895941977e-06
3.388388388388388250e+01,4.000000097345986383e+00,-7.252426153877502536e-07,4.244594455412426999e-07,8.454245462034418912e-08
3.393393393393393609e+01,4.000000060363357868e+00,-7.437431352533211424e-07,4.616354680060468303e-07,1.183065179003647695e-06
3.398398398398398257e+01,4.000000024324508630e+00,-6.831577160899067346e-07,5.070034804818199728e-07,2.979342252251236707e-07
3.403403403403403615e+01,3.999999990166608566e+00,-6.747339087055780703e-07,5.391843880200112300e-07,8.140803183634304280e-07
3.408408408408408263e+01,3.999999957591557465e+00,-6.561879809555104248e-07,5.684098866128358571e-07,1.116211588402104014e-06
3.413413413413413622e+01,3.999999926264264261e+00,-5.613571226803450502e-07,6.055644190543236838e-07,-5.111388598821095345e-07
3.418418418418418980e+01,3.999999897344699296e+00,-5.626745999299085588e-07,6.226048512311124080e-07,3.812125354150725025e-07
3.423423423423423628e+01,3.999999869929977692e+00,-5.079664700621984447e-07,6.444902927639865248e-07,-1.442825695354950438e-07
3.428428428428428987e+01,3.999999844147170691e+00,-4.099567539102144849e-07,6.692792352445621810e-07,-1.764600683088624476e-06
3.433433433433433635e+01,3.999999821231303265e+00,-4.585630882442380094e-07,6.661211617012114224e-07,4.215569225975356099e-07
3.438438438438438993e+01,3.999999799266113598e+00,-3.466618241930408809e-07,6.853099203252500783e-07,-1.526332359785276481e-06
3.443443443443443641e+01,3.999999780278686856e+00,-3.930062534421930836e-07,6.749893985110275480e-07,6.220944861942327558e-07
3.448448448448449000e+01,3.999999762569086847e+00,-3.280463322778524408e-07,6.793417084265213186e-07,-1.025105389564026641e-07
3.453453453453453648e+01,3.999999746951389490e+00,-2.817237970985406567e-07,6.773489088769176690e-07,-3.476608180227342918e-07
3.458458458458459006e+01,3.999999733483130981e+00,-2.657121947453666858e-07,6.673051610754342468e-07,1.836831124682020942e-07
3.463463463463463654e+01,3.999999721396304331e+00,-1.624133509528334361e-07,6.686115095486186582e-07,-1.551171565696982065e-06
3.468468468468469013e+01,3.999999712076264036e+00,-1.963918334946581412e-07,6.448227712599545897e-07,2.457492110403906968e-07
3.473473473473473661e+01,3.999999704072993989e+00,-1.446425570262838969e-07,6.325536020828122140e-07,-1.911158052382930357e-07
3.478478478478479019e+01,3.999999697811323696e+00,-8.206253991936604740e-08,6.197946001312665789e-07,-9.302024252796604347e-07
3.483483483483483667e+01,3.999999693771829179e+00,-9.342260706058202577e-08,5.929257456914650495e-07,2.154352630724054327e-07
3.488488488488489025e+01,3.999999690793910379e+00,-4.677810629687047087e-09,5.805732480884813195e-07,-1.253968514377331904e-06
3.493493493493493673e+01,3.999999689776766676e+00,3.131222140722375886e-08,5.580018737838299017e-07,-1.391710967745806607e-06
3.498498498498499032e+01,3.999999690554057796e+00,2.957260505665005915e-08,5.278779584234065085e-07,-5.884259104229154198e-07
3.503503503503503680e+01,3.999999692142486296e+00,1.337565959805256420e-07,5.138606358687385876e-07,-2.557817109034087159e-06
3.508508508508509038e+01,3.999999696260214677e+00,5.932083382553655665e-08,4.697109386834637944e-07,4.994624014438053758e-08
3.513513513513513686e+01,3.999999700740575204e+00,1.361309417211012379e-07,4.494745491003813434e-07,-1.289435647897647530e-06
3.518518518518519045e+01,3.999999707081608236e+00,1.135638545150810232e-07,4.124389491995286214e-07,-1.019863378114363106e-07
3.523523523523523693e+01,3.999999714186373012e+00,1.514135497497430476e-07,3.848773731411188545e-07,-5.173579982763779690e-07
3.528528528528529051e+01,3.999999721983800161e+00,2.468445953409559053e-07,3.665103030377895328e-07,-2.463113590372727251e-06
3.533533533533533699e+01,3.999999731848458584e+00,1.680293224186267960e-07,3.196725446904913259e-07,4.987286961265563583e-08
3.538538538538539058e+01,3.999999741819578070e+00,2.109867984283181351e-07,2.928508619623200920e-07,-6.269397561304359694e-07
3.543543543543543706e+01,3.999999752748395476e+00,2.266191056333584403e-07,2.618675237955088491e-07,-6.414354075674963187e-07
3.548548548548549064e+01,3.999999764773976008e+00,1.786103204332887245e-07,2.209452664297843946e-07,9.447876931579633604e-07
3.553553553553553712e+01,3.999999776364084436e+00,2.953106892902947875e-07,2.074988827305185555e-07,-1.767804805415093155e-06
3.558558558558559071e+01,3.999999789753894142e+00,2.089289759243725540e-07,1.616260881702356982e-07,7.238777466258037409e-07
3.563563563563563719e+01,3.999999802540588956e+00,2.860492154154996327e-07,1.432863732115409529e-07,-1.050844303399121975e-06
3.568568568568569077e+01,3.999999815882793186e+00,3.298319482131264680e-07,1.204623154154241208e-07,-2.005379579126358717e-06
3.573573573573573725e+01,3.999999830187421779e+00,2.627773015780882648e-07,8.060628989130828925e-08,-1.363365281046049892e-07
3.578578578578579084e+01,3.999999843840798874e+00,3.276184315094192110e-07,6.343208144974585254e-08,-1.713992986540754929e-06
3.583583583583583732e+01,3.999999858549512677e+00,2.419835255153116863e-07,2.293112326870001494e-08,5.585760473652506358e-07
3.588588588588589090e+01,3.999999872409470303e+00,2.955055549850202220e-07,6.452797149259862580e-09,-8.003924759139419994e-07
3.593593593593593738e+01,3.999999886269865357e+00,3.425317026208966080e-07,-9.714607888990833581e-09,-2.026130467236307844e-06
3.598598598598599096e+01,3.999999900853855817e+00,2.579098127734164842e-07,-4.594613656854448569e-08,1.165549371620234104e-07
3.603603603603603744e+01,3.999999914324950723e+00,3.222226910243288545e-07,-5.639853241513062645e-08,-1.619978383864601035e-06
3.608608608608609103e+01,3.999999928376715808e+00,2.578956807507904160e-07,-8.634531610676867976e-08,-6.226020024347164059e-08
3.613613613613613751e+01,3.999999941910186596e+00,2.299924064609634324e-07,-1.088175324897031369e-07,5.268539011662176681e-07
3.618618618618619109e+01,3.999999954554103621e+00,2.890253884503748695e-07,-1.155529878015346601e-07,-1.155801725074177028e-06
3.623623623623623757e+01,3.999999967791806110e+00,1.925963508556698100e-07,-1.461094249238393053e-07,1.154541106849719050e-06
3.628628628628629116e+01,3.999999979505736381e+00,2.689312539874325286e-07,-1.469101260660151444e-07,-1.020466153500895845e-06
3.633633633633633764e+01,3.999999991324874493e+00,2.538891103855001591e-07,-1.610775582129209678e-07,-8.542518137758894077e-07
3.638638638638639122e+01,4.000000002755872863e+00,2.199209849847571388e-07,-1.767998361260168327e-07,-2.167239939743690812e-07
3.643643643643643770e+01,4.000000013234752849e+00,2.513127197308285584e-07,-1.803401564546065489e-07,-1.283570276495086358e-06
3.648648648648649129e+01,4.000000024010637922e+00,1.460103423958784685e-07,-2.047071495292637386e-07,1.167629874586415521e-06
3.653653653653653777e+01,4.000000033108738862e+00,2.128998272617139521e-07,-1.995151823149292803e-07,-8.418145507999352485e-07
3.658658658658659135e+01,4.000000042082247020e+00,2.030667933983018294e-07,-2.054334419667145690e-07,-8.788141456531073152e-07
3.663663663663663783e+01,4.000000050685901698e+00,1.528801436155568611e-07,-2.165696964988810138e-07,1.188536528270196184e-07
3.668668668668669142e+01,4.000000057843105417e+00,2.308963918164137855e-07,-2.054595112714715858e-07,-2.201950327522626703e-06
3.673673673673673790e+01,4.000000065571717833e+00,1.164425937183769129e-07,-2.244991473860246328e-07,4.457360578249252386e-07
3.678678678678679148e+01,4.000000071851490979e+00,1.285800734563024231e-07,-2.216653649386706263e-07,-1.799149070538566181e-07
3.683683683683683796e+01,4.000000077604557447e+00,1.211699728206439237e-07,-2.208724354583107181e-07,-3.014825825618732898e-07
3.688688688688689155e+01,4.000000083105152093e+00,5.113878123058930640e-08,-2.292142187443294615e-07,1.195496428402821332e-06
3.693693693693693803e+01,4.000000087157986606e+00,1.085051191356951805e-07,-2.157395663230559694e-07,-5.969607785481877423e-07
3.698698698698699161e+01,4.000000091205439645e+00,6.624310740604998988e-08,-2.175731112793601393e-07,1.882060238403510107e-07
3.703703703703703809e+01,4.000000094288983732e+00,7.778930253199362035e-08,-2.097385009153230818e-07,-4.119832388697912472e-07
3.708708708708709167e+01,4.000000096894444468e+00,6.836441563926808617e-08,-2.045119992339957053e-07,-4.642122218428218259e-07
3.713713713713713815e+01,4.000000099348261173e+00,-1.120626416173151076e-08,-2.099912090189590405e-07,1.303205293784147216e-06
3.718718718718719174e+01,4.000000100301465800e+00,5.544130389535417900e-08,-1.909304489860594430e-07,-6.988234341691324382e-07
3.723723723723723822e+01,4.000000101391960605e+00,1.220828605404028286e-08,-1.892037342209953620e-07,1.474782011819342928e-07
3.728728728728729180e+01,4.000000101664831220e+00,1.368777657644884593e-08,-1.796478566953474009e-07,-1.511971344638154527e-07
3.733733733733733828e+01,4.000000101033046818e+00,7.735514252899599672e-08,-1.594805348354349495e-07,-2.045555980120290891e-06
3.738738738738739187e+01,4.000000101013011289e+00,-3.288941399889138989e-08,-1.673093446308665227e-07,5.651914903998800713e-07
3.743743743743743835e+01,4.000000099470265802e+00,2.493041516455225902e-08,-1.473817311998289617e-07,-1.153930592191447962e-06
3.748748748748749193e+01,4.000000098269024029e+00,-3.997547881532484372e-08,-1.472294799249694197e-07,3.107138833751648796e-07
3.753753753753753841e+01,4.000000096385585735e+00,-6.114281718345130053e-08,-1.397453397900990426e-07,6.586526175313716162e-07
3.758758758758759200e+01,4.000000093865836881e+00,-4.129780415530568192e-08,-1.254368280681221201e-07,-3.932076498550211100e-08
3.763763763763763848e+01,4.000000091349748210e+00,-7.711916099467261831e-08,-1.201449921493212336e-07,7.149422371279675505e-07
3.768768768768769206e+01,4.000000087979532992e+00,-2.815538099625714207e-08,-1.010018776424925004e-07,-7.071931207611800272e-07
3.773773773773773854e+01,4.000000084875934725e+00,-6.709785688845560142e-08,-9.625094956947232699e-08,1.561912751036984226e-07
3.778778778778779213e+01,4.000000081463308099e+00,-9.811677712524672802e-08,-9.030243025543489019e-08,8.291917168224643926e-07
3.783783783783783861e+01,4.000000077378726537e+00,-5.907039887408301062e-08,-7.306252034160362607e-08,-2.937734102419824879e-07
3.788788788788789219e+01,4.000000073812756796e+00,-1.337518677494744315e-07,-7.457814870784345289e-08,1.535832600248223287e-06
3.793793793793793867e+01,4.000000069120221546e+00,-5.715671314696452237e-08,-5.163631681382156767e-08,-5.290424746599856847e-07
3.798798798798799226e+01,4.000000064996386051e+00,-9.310527302239339044e-08,-4.734046473296079156e-08,3.276640329253991902e-07
3.803803803803803874e+01,4.000000060581958117e+00,-1.011663289119696489e-07,-3.880519750472932656e-08,4.773642205140207690e-07
3.808808808808809232e+01,4.000000055758875739e+00,-5.835016792165263239e-08,-2.231174519070483221e-08,-6.742623886162550992e-07
3.813813813813813880e+01,4.000000051432992088e+00,-1.038699989007794996e-07,-2.061431343888143193e-08,4.692299982113597803e-07
3.818818818818819238e+01,4.000000046590511005e+00,-7.323117468327971871e-08,-6.889884079077187146e-09,-3.426169237316679485e-07
3.823823823823823886e+01,4.000000042103810216e+00,-1.006523827405240892e-07,-3.070905566244096278e-09,3.575144659501380596e-07
3.828828828828829245e+01,4.000000037527143171e+00,-1.118825452151393679e-07,2.941719660991451844e-09,6.506999024146313480e-07
3.833833833833833893e+01,4.000000032551200846e+00,-5.444680892506239274e-08,1.969574113441174415e-08,-8.193876970986713883e-07
3.838838838838839251e+01,4.000000028293857035e+00,-1.019627710906401099e-07,1.883714531188012697e-08,4.324169425286848535e-07
3.843843843843843899e+01,4.000000023680770234e+00,-8.124836630230202708e-08,2.862275191128767646e-08,-6.896145451471591254e-08
3.848848848848849258e+01,4.000000019323760370e+00,-8.622026028266559222e-08,3.371404286796188084e-08,1.023760998045290240e-07
3.853853853853853906e+01,4.000000015417984223e+00,-1.450511403151044864e-07,2.950668649746344249e-08,1.673694160781430407e-06
3.858858858858859264e+01,4.000000010641585391e+00,-4.600415152455850256e-08,5.055932314997733119e-08,-8.262657270078538062e-07
3.863863863863863912e+01,4.000000007091516707e+00,-1.187051652765067649e-07,4.306707705749130830e-08,1.118345918189088533e-06
3.868868868868869271e+01,4.000000002930285348e+00,-7.022940104765882347e-08,5.484597820308403032e-08,-6.138438252773418815e-08
3.873873873873873919e+01,3.999999999198425193e+00,-6.341839148352768069e-08,5.932011912458758740e-08,-1.587982431479136032e-07
3.878878878878879277e+01,3.999999995789282892e+00,-7.974517211082554494e-08,5.952046849665773874e-08,3.467708877148758649e-07
3.883883883883883925e+01,3.999999992028993923e+00,-1.111443697467675209e-08,7.310027563064587830e-08,-1.338170788507431681e-06
3.888888888888889284e+01,3.999999989341672002e+00,-8.172115570570363467e-08,6.347532292528728486e-08,5.782302749485830374e-07
3.893893893893893932e+01,3.999999986278231390e+00,-6.118028734976787395e-08,6.826391546255433393e-08,1.429152766352536156e-07
3.898898898898899290e+01,3.999999983378107693e+00,-3.406327712518794016e-08,7.367597798118198885e-08,-4.596726586732240030e-07
3.903903903903903938e+01,3.999999981045316400e+00,-6.370311073181116138e-08,6.938970701161913198e-08,4.061900318076424936e-07
3.908908908908909297e+01,3.999999978348174334e+00,-2.200969453253507659e-09,7.956386568211597349e-08,-1.081323097470687482e-06
3.913913913913913944e+01,3.999999976594553530e+00,-5.633199750784649166e-08,7.046534084802649559e-08,4.196452542477789663e-07
3.918918918918919303e+01,3.999999974873797548e+00,-8.188593194295483338e-08,6.565314400748523535e-08,1.182611093211069408e-06
3.923923923923923951e+01,3.999999972733077058e+00,-7.288601770543068126e-09,7.683090500930642483e-08,-6.421971300496286513e-07
3.928928928928929309e+01,3.999999971787624009e+00,-8.847126479573933521e-08,6.224463283200375150e-08,1.557187950742062071e-06
3.933933933933933957e+01,3.999999969947682033e+00,4.930767500042348290e-09,7.584155654220343415e-08,-7.552901764824512646e-07
3.938938938938939316e+01,3.999999969189073745e+00,-4.038444450019057307e-08,6.650429329724743442e-08,5.146679222723573246e-07
3.943943943943943964e+01,3.999999968195498745e+00,-1.675517935302424535e-08,6.815227641850257695e-08,1.321314480167641760e-09
3.948948948948949322e+01,3.999999967047414451e+00,6.226936906221634521e-08,7.859713104744631003e-08,-1.945645186439126301e-06
3.953953953953953970e+01,3.999999967190604799e+00,-3.308575933090082763e-08,6.035627003930100657e-08,6.100788925876738660e-07
3.958958958958959329e+01,3.999999966605648716e+00,1.579308950437892371e-08,6.546009659900304838e-08,-5.638095477589430183e-07
3.963963963963963977e+01,3.999999966669516294e+00,-1.017526341082100278e-08,5.817145739307955764e-08,1.927659803227357795e-07
3.968968968968969335e+01,3.999999966707036059e+00,-5.331511583094725381e-09,5.576008101005180652e-08,1.496354863413015423e-07
3.973973973973973983e+01,3.999999966439833354e+00,7.310184275682708594e-08,6.523123385260538684e-08,-1.798672155188921098e-06
3.978978978978979342e+01,3.999999967387107613e+00,-1.669310404935276118e-08,4.713551159254484200e-08,5.954550373532616643e-07
3.983983983983983990e+01,3.999999967800816680e+00,5.687073605362049632e-10,4.642925781335700598e-08,2.193382283101833941e-07
3.988988988988989348e+01,3.999999968331940270e+00,2.039519388863446452e-08,4.607754126180145950e-08,-2.274212515166009933e-07
3.993993993993993996e+01,3.999999969528942323e+00,-4.551536868959223916e-08,3.168750110444420688e-08,1.536498039227025378e-06
3.998998998998999355e+01,3.999999969738691430e+00,6.298924016639008626e-08,4.574336564935024928e-08,-1.210512959615162117e-06
4.004004004004004003e+01,3.999999971291946732e+00,-2.455119226243656970e-08,2.779425814583676292e-08,1.103012589699868910e-06
4.009009009009009361e+01,3.999999972003273285e+00,3.624221759648090013e-08,3.407099328256717588e-08,-4.206349436810255665e-07
4.014014014014014009e+01,3.999999972867940734e+00,8.628539439053369350e-08,3.862367031803583425e-08,-1.671235201099192095e-06
4.019019019019019368e+01,3.999999974633102084e+00,5.772977725675285180e-09,2.191286962924855443e-08,4.466169568132927471e-07
4.024024024024024015e+01,3.999999975556326248e+00,6.897834205701689174e-08,2.872330736745259413e-08,-1.153410415576782876e-06
4.029029029029029374e+01,3.999999977417714181e+00,-7.372901827660265592e-09,1.283066163347544406e-08,8.476591740487264996e-07
4.034034034034034022e+01,3.999999978570525361e+00,3.589136139014908587e-08,1.655263224279619534e-08,-2.462955681360858935e-07
4.039039039039039380e+01,3.999999979659755844e+00,9.522602745328305155e-08,2.299985665906021409e-08,-1.759900784697048573e-06
4.044044044044044028e+01,3.999999981648671099e+00,1.674607338564840655e-08,7.064966933404585682e-09,2.828606129187903256e-07
4.049049049049049387e+01,3.999999982809079757e+00,7.262898898292938224e-08,1.318532818051831071e-08,-1.150098390269228037e-06
4.054054054054054035e+01,3.999999984392448305e+00,6.346202021251051707e-08,8.819980254082564859e-09,-9.064359129134599738e-07
4.059059059059059393e+01,3.999999986122548812e+00,3.169686383140985654e-08,9.062163618564051740e-10,-8.281619510151240996e-08
4.064064064064064041e+01,3.999999987399336376e+00,7.109663925592277824e-08,4.755792571426411182e-09,-1.101617841134710628e-06
4.069069069069069400e+01,3.999999989516659138e+00,-2.429296111331336316e-08,-1.324318304818721332e-08,1.358550307658292461e-06
4.074074074074074048e+01,3.999999990501416747e+00,5.674746607119705809e-08,-2.285819305213979194e-09,-7.430594005525452459e-07
4.079079079079079406e+01,3.999999991947711830e+00,6.086420028737087532e-08,-3.722989094744654292e-09,-8.603862978083958614e-07
4.084084084084084054e+01,3.999999993630619866e+00,2.269641126908511123e-08,-1.189771220138715142e-08,1.118030608384623680e-07
4.089089089089089413e+01,3.999999994710052853e+00,7.432305434943100876e-08,-5.248937787178684369e-09,-1.238791282692633064e-06
4.094094094094094061e+01,3.999999996685391412e+00,-2.241217544532314030e-08,-2.264969076803592302e-08,1.241253742767745789e-06
4.099099099099099419e+01,3.999999997549032127e+00,4.951082859803207188e-08,-1.235291349666282127e-08,-6.386547363329351331e-07
4.104104104104104067e+01,3.999999998768482001e+00,5.712203374552162786e-08,-1.238677639604862624e-08,-8.590861595935206863e-07
4.109109109109109426e+01,4.000000000250675036e+00,1.453867851492867159e-08,-2.044840169784990235e-08,2.154297484744998134e-07
4.114114114114114074e+01,4.000000001012255169e+00,7.686898432327964666e-08,-1.122182236559325282e-08,-1.422402472427205089e-06
4.119119119119119432e+01,4.000000002437292146e+00,2.456148882745609753e-08,-2.054713518257277890e-08,-9.984765185507471749e-08
4.124124124124124080e+01,4.000000003365461687e+00,4.087482867739138408e-08,-1.851475518343537942e-08,-5.515238857487920169e-07
4.129129129129129439e+01,4.000000004337780801e+00,3.983765510525425458e-08,-1.916187156970666923e-08,-5.559935609826359217e-07
4.134134134134134086e+01,4.000000005673878256e+00,-2.941299158877955708e-08,-3.079551781951369532e-08,1.201085859882919064e-06
4.139139139139139445e+01,4.000000006029557298e+00,4.568525165816420658e-08,-1.872455370539353417e-08,-7.720330746196970258e-07
4.144144144144144093e+01,4.000000006975666267e+00,1.634641182949208763e-08,-2.356377384995479952e-08,-4.730832882860626281e-08
4.149149149149149451e+01,4.000000007601430596e+00,2.665121150433046700e-08,-2.180110123416663925e-08,-3.471487200174893748e-07
4.154154154154154099e+01,4.000000008136880503e+00,4.016467354187553161e-08,-1.939023519365764141e-08,-7.300101699051046140e-07
4.159159159159159458e+01,4.000000009180835647e+00,-3.786650697207863345e-08,-3.180443528809096118e-08,1.252406574267817619e-06
4.164164164164164106e+01,4.000000009155844971e+00,4.233005066184240035e-08,-1.828060480210911515e-08,-8.530715052493721195e-07
4.169169169169169464e+01,4.000000009851306437e+00,-2.348540965723864819e-09,-2.503661896138482220e-08,2.682011231601232970e-07
4.174174174174174112e+01,4.000000010110021265e+00,1.144697255652996249e-08,-2.215195771855463409e-08,-1.208006201291897783e-07
4.179179179179179471e+01,4.000000010172946929e+00,4.580077918521119854e-08,-1.582312789418274138e-08,-1.040315077612150258e-06
4.184184184184184119e+01,4.000000010741307399e+00,-1.001529941107673604e-08,-2.413181864453969133e-08,3.706533219066971839e-07
4.189189189189189477e+01,4.000000010584824572e+00,3.903734808120235454e-08,-1.524972216581578679e-08,-9.269652003531449235e-07
4.194194194194194125e+01,4.000000010902803105e+00,3.462767003444066881e-09,-2.011576836637772056e-08,-3.708198293974779889e-08
4.199199199199199484e+01,4.000000011109464459e+00,-2.364985475290831992e-08,-2.354273250185541595e-08,6.352672070297817081e-07
4.204204204204204132e+01,4.000000010844106058e+00,1.518955310120660887e-08,-1.615413222373193027e-08,-3.951936196708758552e-07
4.209209209209209490e+01,4.000000010990691912e+00,-1.951692029978132131e-08,-2.072755353238948806e-08,4.758018639962418712e-07
4.214214214214214138e+01,4.000000010562875019e+00,2.879746992478643954e-08,-1.171407742877041015e-08,-7.968727415617994246e-07
4.219219219219219497e+01,4.000000010553968366e+00,3.365862983689657150e-09,-1.470978437574143114e-08,-1.627949646171423801e-07
4.224224224224224145e+01,4.000000010588239618e+00,-3.586277755789956756e-08,-1.993623150778114904e-08,8.291903790479297569e-07
4.229229229229229503e+01,4.000000009982503713e+00,1.973799339829390591e-08,-9.669176199564724668e-09,-6.274443959997821245e-07
4.234234234234234151e+01,4.000000010132739092e+00,-5.029899153316678759e-08,-1.990179139369538635e-08,1.163511686253447500e-06
4.239239239239239510e+01,4.000000009381983190e+00,1.680368936935866225e-08,-7.747405220056620135e-09,-5.872650703158994559e-07
4.244244244244244157e+01,4.000000009137795409e+00,-1.244343099394129515e-09,-9.496249755393904653e-09,-1.364748572258579938e-07
4.249249249249249516e+01,4.000000008884594394e+00,-2.232561740905453538e-08,-1.175003860063443932e-08,3.942290117217667959e-07
4.254254254254254164e+01,4.000000008146452402e+00,2.939817394542991112e-08,-2.135116959285088960e-09,-9.545806471048825111e-07
4.259259259259259522e+01,4.000000008019171105e+00,-1.902058829375707751e-08,-8.886612268290374594e-09,2.855103231662502542e-07
4.264264264264264170e+01,4.000000007442357841e+00,7.590498868833289385e-10,-4.531090289622240846e-09,-2.349182225828219810e-07
4.269269269269269529e+01,4.000000007054511642e+00,-1.184115414507710932e-08,-5.490217055511427060e-09,8.273631971567624208e-08
4.274274274274274887e+01,4.000000006695496602e+00,-3.099699976198825117e-08,-7.552754827395999666e-09,5.712273230965738700e-07
4.279279279279279535e+01,4.000000005824137617e+00,2.941662061923060537e-08,3.335746897774851095e-09,-9.946840723961890845e-07
4.284284284284284894e+01,4.000000005633671307e+00,-1.902240431506067399e-08,-3.584007626681661888e-09,2.531977820341737214e-07
4.289289289289289542e+01,4.000000005084088706e+00,-1.126044431208881180e-08,-1.373432706950059927e-09,5.035815256181800370e-08
4.294294294294294900e+01,4.000000004274617993e+00,3.741435672644814016e-08,7.469380091828225797e-09,-1.208255778581903831e-06
4.299299299299299548e+01,4.000000004279081089e+00,-4.256932348901647524e-08,-4.736819862277173615e-09,8.584930807013121608e-07
4.304304304304304907e+01,4.000000003276198868e+00,3.745210875934947776e-08,9.124334561000039142e-09,-1.207616003029810070e-06
4.309309309309309555e+01,4.000000003226649170e+00,-3.250925899151131702e-08,-1.547805279883322368e-09,6.024721711747622810e-07
4.314314314314314913e+01,4.000000002613349537e+00,-1.198163510267959088e-08,2.497485689845608659e-09,7.565633587984962104e-08
4.319319319319319561e+01,4.000000002039648450e+00,3.850589885810519790e-09,5.722392110695523875e-09,-3.288630229818819145e-07
4.324324324324324920e+01,4.000000001742561651e+00,-2.223417687093293043e-08,2.050622872555722425e-09,3.505357540567530776e-07
4.329329329329329568e+01,4.000000000927995458e+00,3.572993620240524187e-08,1.204312846116891635e-08,-1.140779745204327908e-06
4.334334334334334926e+01,4.000000000883949802e+00,-2.588031228716875061e-08,2.462607841280226124e-09,4.581070020048143181e-07
4.339339339339339574e+01,4.000000000416692458e+00,-1.788848497401750938e-08,4.188373456864938939e-09,2.593991236359026812e-07
4.344344344344344933e+01,3.999999999786349125e+00,1.873372553324643796e-08,1.053312279694771862e-08,-6.783939532030310657e-07
4.349349349349349581e+01,3.999999999670138973e+00,-2.302864861175884003e-08,4.029612956798989760e-09,4.095886423709800500e-07
4.354354354354354939e+01,3.999999998999306694e+00,2.614944709277728720e-08,1.231756596102089420e-08,-8.515519616646451990e-07
4.359359359359359587e+01,3.999999998732022721e+00,1.473681161705207128e-08,1.066383800769630518e-08,-5.467936007978000811e-07
4.364364364364364945e+01,3.999999998644651278e+00,-2.175675296686502224e-08,4.866020180967542916e-09,4.063335999618056390e-07
4.369369369369369593e+01,3.999999997748902469e+00,7.319047282020830105e-08,2.047455394194332929e-08,-2.036267824967252813e-06
4.374374374374374952e+01,3.999999998136993806e+00,-3.152167610609182815e-08,3.445962527274227151e-09,6.799278217017994717e-07
4.379379379379379600e+01,3.999999997583498335e+00,1.640821384491441411e-08,1.128795001488514540e-08,-5.475071549741092337e-07
4.384384384384384958e+01,3.999999997581006994e+00,-1.924806559895878055e-08,5.443190166655928225e-09,3.847629051949064255e-07
4.389389389389389606e+01,3.999999997316234346e+00,-9.750141881918277024e-09,6.927971381767602622e-09,1.504315215075541753e-07
4.394394394394394965e+01,3.999999996653146095e+00,6.642475779241621602e-08,1.925765186325889308e-08,-1.806638473698298517e-06
4.399399399399399613e+01,3.999999997091108650e+00,-2.807876101121932800e-08,3.691224874275240789e-09,6.460190473645213645e-07
4.404404404404404971e+01,3.999999996712459094e+00,1.023523321892261700e-08,9.770435037004904580e-09,-3.330304423447624474e-07
4.409409409409409619e+01,3.999999996676994130e+00,-2.271512423353583942e-09,7.522605702122206942e-09,8.023088844038970372e-10
4.414414414414414978e+01,3.999999996652814360e+00,-1.313717742720708282e-08,5.513507013588482003e-09,2.920235186790543430e-07
4.419419419419419626e+01,3.999999996115627177e+00,6.053992729632065741e-08,1.727761014390608919e-08,-1.601328309309206744e-06
4.424424424424424984e+01,3.999999996458277085e+00,-1.806764341273910640e-09,6.814548480784650767e-09,1.945726572714757846e-08
4.429429429429429632e+01,3.999999996358063914e+00,9.077166825060561012e-09,8.283253133754026443e-09,-2.521334898970335393e-07
4.434434434434434991e+01,3.999999995938356534e+00,7.354386518001244776e-08,1.847913052643520657e-08,-1.908493581266374000e-06
4.439439439439439639e+01,3.999999996532610069e+00,-1.960361238812785079e-08,2.931177965381482605e-09,5.070154122872068262e-07
4.444444444444444997e+01,3.999999996158771776e+00,4.322799217529373888e-08,1.282939543398287308e-08,-1.107899185520785419e-06
4.449449449449449645e+01,3.999999996715696948e+00,-3.866822477370585210e-08,-9.079283588365124842e-10,1.016064375786319686e-06
4.454454454454455004e+01,3.999999996464592034e+00,9.783572635670446232e-09,6.621944190295943135e-09,-2.282107150077645422e-07
4.459459459459459651e+01,3.999999996153489779e+00,7.002408604215690904e-08,1.606897613431473123e-08,-1.777539772320865174e-06
4.464464464464465010e+01,3.999999996812259262e+00,-2.112014547351398607e-08,8.007293796667174681e-10,5.839550973770194451e-07
4.469469469469469658e+01,3.999999996528384116e+00,3.891217734772292472e-08,1.020615637911939949e-08,-9.609720270651809349e-07
4.474474474474475016e+01,3.999999997041698396e+00,-2.543531114737234320e-08,-6.915066653802418533e-10,7.071847015869598087e-07
4.479479479479479664e+01,3.999999996970940330e+00,4.305487785813665045e-09,3.770057247251326035e-09,-5.611017966487338176e-08
4.484484484484485023e+01,3.999999996672343627e+00,7.158115691429680732e-08,1.436155128676371133e-08,-1.789695284142159906e-06
4.489489489489489671e+01,3.999999997323754553e+00,-1.021106319730547392e-08,6.257387406566595252e-10,3.276608201481556120e-07
4.494494494494495029e+01,3.999999997155814224e+00,3.882868051454967241e-08,8.252082403396097377e-09,-9.357736795584255543e-07
4.499499499499499677e+01,3.999999997275194730e+00,4.336689030251707446e-08,8.622602381847216561e-09,-1.049925009523671005e-06
4.504504504504505036e+01,3.999999997711885413e+00,-1.503282571007317260e-09,9.377971140032385509e-10,1.119922151866551187e-07
4.509509509509509684e+01,3.999999997553084441e+00,4.854500131830181874e-08,8.757333370516014612e-09,-1.178965449689663527e-06
4.514514514514515042e+01,3.999999998332669282e+00,-4.943193903655430169e-08,-7.573058270596725046e-09,1.354117152242687483e-06
4.519519519519519690e+01,3.999999998010314695e+00,2.737246160378244558e-08,4.639145373704381036e-09,-6.290566131290618726e-07
4.524524524524525049e+01,3.999999998079392327e+00,4.243551562509362376e-08,6.787537211142153302e-09,-1.017466585077098651e-06
4.529529529529529697e+01,3.999999998559480741e+00,-7.479326371836500420e-09,-1.655316362063455335e-09,2.725260609120114061e-07
4.534534534534535055e+01,3.999999998351376096e+00,5.148503226000279601e-08,7.689875066253720597e-09,-1.250983421052070998e-06
4.539539539539539703e+01,3.999999999110778415e+00,-4.287055469716459943e-08,-7.974781728179990577e-09,1.186428281236707991e-06
4.544544544544545062e+01,3.999999998949067770e+00,8.277356813844644187e-09,1.279268277140356446e-10,-1.358802326371488942e-07
4.549549549549549710e+01,3.999999999186927280e+00,-4.228332009951349866e-09,-2.142104167244429812e-09,1.860759349407925630e-07
4.554554554554555068e+01,3.999999999601282497e+00,-4.518244939696437438e-08,-9.038048850102594669e-09,1.242727062840938222e-06
4.559559559559559716e+01,3.999999999278707641e+00,2.990024872028516979e-08,3.024505913115855479e-09,-6.989506151696854778e-07
4.564564564564565075e+01,3.999999999568746745e+00,7.316542399597776796e-09,-8.369078592440021443e-10,-1.175129172752078783e-07
4.569569569569569722e+01,3.999999999640380111e+00,1.852305957270146712e-08,8.352819114691485203e-10,-4.093642276065444001e-07
4.574574574574575081e+01,3.999999999710548870e+00,2.910671610438747946e-08,2.423792649220828515e-09,-6.853551456021661594e-07
4.579579579579579729e+01,4.000000000326354055e+00,-4.759780829687280454e-08,-1.021782925245699467e-08,1.293697843448986233e-06
4.584584584584585087e+01,3.999999999936860728e+00,3.384167296617056077e-08,2.971861878102285353e-09,-8.133807188643441356e-07
4.589589589589589735e+01,4.000000000203632666e+00,1.037124717937241847e-08,-9.454962149541935143e-10,-2.100790254732287804e-07
4.594594594594595094e+01,4.000000000319890781e+00,9.648681059225215475e-09,-1.132817476979462070e-09,-1.946510054415766508e-07
4.599599599599599742e+01,4.000000000256581423e+00,3.623550172327357621e-08,3.154029167982042789e-09,-8.849298526057059180e-07
4.604604604604605100e+01,4.000000000883577655e+00,-4.758600373058160469e-08,-1.056499880219268566e-08,1.277300500995192294e-06
4.609609609609609748e+01,4.000000000425195879e+00,3.922662084743164411e-08,3.583849716557132615e-09,-9.691949707458526792e-07
4.614614614614615107e+01,4.000000000912916853e+00,-2.489713608617829494e-08,-6.889700898725450931e-09,6.839788333964075178e-07
4.619619619619619755e+01,4.000000001062892885e+00,-3.675184394290696218e-08,-8.817261910919890436e-09,9.866504004324330628e-07
4.624624624624625113e+01,4.000000000809969869e+00,1.397271225318463597e-08,-5.165978196098187630e-10,-3.275446254209416808e-07
4.629629629629629761e+01,4.000000001049756726e+00,-1.448325221469591812e-08,-5.127757534871774145e-09,4.040408474891474572e-07
4.634634634634635120e+01,4.000000000803469291e+00,3.281657464987113805e-08,2.638620440396662499e-09,-8.216443818040088097e-07
4.639639639639639768e+01,4.000000001010397099e+00,7.209913706848000314e-09,-1.484253415752324625e-09,-1.636161887128409795e-07
4.644644644644645126e+01,4.000000001290696439e+00,-3.116026328527705395e-08,-7.680092846952033599e-09,8.242352168102855192e-07
4.649649649649649774e+01,4.000000000983229498e+00,2.237862682476879011e-08,1.135903046071733040e-09,-5.624869881344206701e-07
4.654654654654655133e+01,4.000000001237636660e+00,-1.411715968829853719e-08,-4.735601684982015464e-09,3.770871075254247923e-07
4.659659659659659781e+01,4.000000000992746330e+00,2.735350342237549214e-08,2.127240895571380533e-09,-6.976524835360816575e-07
4.664664664664665139e+01,4.000000001094632829e+00,1.290468049126140045e-08,-1.304778772847902010e-10,-3.275011076269004463e-07
4.669669669669669787e+01,4.000000001413368089e+00,-3.685839703415614937e-08,-8.146207899669300521e-09,9.551771806112162170e-07
4.674674674674675146e+01,4.000000000795143507e+00,6.073834447501767969e-08,7.896960566532322232e-09,-1.569333763093840374e-06
4.679679679679679793e+01,4.000000001406927019e+00,-3.726032484520398624e-08,-7.982054090219938203e-09,9.598629584314692695e-07
4.684684684684685152e+01,4.000000001202751676e+00,-6.959443184751989468e-09,-2.914957342086833348e-09,1.743438638532172890e-07
4.689689689689689800e+01,4.000000001176895914e+00,-5.689605670988190188e-09,-2.583455383388387166e-09,1.390448652197684937e-07
4.694694694694695158e+01,4.000000001246570847e+00,-2.029540835911995516e-08,-4.840956514552382881e-09,5.140768665788155392e-07
4.699699699699699806e+01,4.000000000862382166e+00,3.623676460885833995e-08,4.514964435665097773e-09,-9.487149852808430453e-07
4.704704704704705165e+01,4.000000001118181103e+00,-9.180983563097682216e-09,-2.769379501763890744e-09,2.227215184859833794e-07
4.709709709709709813e+01,4.000000001035386887e+00,-1.598460035088015461e-09,-1.402282691251559867e-09,2.496133566659142951e-08
4.714714714714715171e+01,4.000000000968201519e+00,2.973264106312373444e-09,-5.270282681853244880e-10,-9.484349545796270289e-08
4.719719719719719819e+01,4.000000001093220625e+00,-2.336343978037578192e-08,-4.697935473711966273e-09,5.840949257036713068e-07
4.724724724724725178e+01,4.000000000658740618e+00,3.842988743950470463e-08,5.514956354050639998e-09,-1.013804415426016875e-06
4.729729729729729826e+01,4.000000000896835495e+00,-6.612285189882368300e-09,-1.712948712966920054e-09,1.487558118756487524e-07
4.734734734734735184e+01,4.000000000877451889e+00,-1.122242374505184669e-08,-2.343812982715237353e-09,2.668421954989686804e-07
4.739739739739739832e+01,4.000000000424337010e+00,5.255053434789015160e-08,8.184316634637996942e-09,-1.381715660670010360e-06
4.744744744744745191e+01,4.000000000935149735e+00,-3.647172870635087618e-08,-6.231736069745413554e-09,9.176336987715973175e-07
4.749749749749749839e+01,4.000000000430428138e+00,3.508182679644109888e-08,5.558905079413823619e-09,-9.316392404778266833e-07
4.754754754754755197e+01,4.000000000731536609e+00,-2.103643776221659438e-08,-3.494525973249401157e-09,5.178768596935390004e-07
4.759759759759759845e+01,4.000000000601741768e+00,-9.021895857843816631e-09,-1.431338130672196212e-09,2.071990934081067155e-07
4.764764764764765204e+01,4.000000000363936437e+00,2.006131597545606057e-08,3.413029437885925434e-09,-5.443406699877706022e-07
4.769769769769769852e+01,4.000000000531971800e+00,-1.507927606435287904e-08,-2.230969556424708986e-09,3.635945199807391327e-07
4.774774774774775210e+01,4.000000000166274994e+00,3.431883088171311303e-08,5.918824023630141425e-09,-9.125584703345609368e-07
4.779779779779779858e+01,4.000000000422422097e+00,-1.461685994430853944e-08,-1.987879591398907171e-09,3.520460771674140927e-07
4.784784784784785217e+01,4.000000000374668296e+00,-1.531721832707976166e-08,-2.026872008391114799e-09,3.705142839471970541e-07
4.789789789789789864e+01,4.000000000027157832e+00,3.159625375399978998e-08,5.700294036332885187e-09,-8.411032658045277416e-07
4.794794794794795223e+01,4.000000000260151900e+00,-1.317758135877707319e-08,-1.544454184135539088e-09,3.162910404583485290e-07
4.799799799799799871e+01,3.999999999971561415e+00,2.483609266908556683e-08,4.718211850567420419e-09,-6.651927440155155696e-07
4.804804804804805229e+01,3.999999999701632447e+00,6.015081226239511053e-08,1.053440382337193187e-08,-1.576859808213679087e-06
4.809809809809809877e+01,4.000000000065899286e+00,-4.639169970370093312e-09,4.688725274195812882e-12,9.794153840354731069e-08
4.814814814814815236e+01,3.999999999527990902e+00,7.367395296605194193e-08,1.282770813399448816e-08,-1.924523944015420649e-06
4.819819819819819884e+01,4.000000000109945830e+00,-2.495034347622696855e-08,-3.236392487834649147e-09,6.245804234007053975e-07
4.824824824824825242e+01,3.999999999827033470e+00,1.365962782484570149e-08,3.094450674312575283e-09,-3.719648256751748158e-07
4.829829829829829890e+01,3.999999999910542225e+00,-5.376916404171110112e-09,1.014411983161898869e-11,1.209416074153892214e-07
4.834834834834835249e+01,3.999999999905238912e+00,-9.990876652631017825e-09,-7.253928975030355953e-10,2.412526766463079357e-07
4.839839839839839897e+01,3.999999999408761386e+00,6.351587240655242533e-08,1.128539209293561028e-08,-1.656798773422541177e-06
4.844844844844845255e+01,3.999999999935363260e+00,-2.453399092467456467e-08,-3.079633852562620459e-09,6.192911793923047097e-07
4.849849849849849903e+01,3.999999999718611754e+00,5.466054817217494830e-09,1.819651148690096192e-09,-1.546406301967633939e-07
4.854854854854855262e+01,3.999999999677361195e+00,8.077641308303005140e-09,2.243685499495080627e-09,-2.209290993041850635e-07
4.859859859859859910e+01,3.999999999893513625e+00,-2.966203410849727948e-08,-3.923211011878637074e-09,7.553376298497369026e-07
4.864864864864865268e+01,3.999999999483617508e+00,3.208401817359784454e-08,6.144666332345632369e-09,-8.387961382326429855e-07
4.869869869869869916e+01,3.999999999579483045e+00,1.416352216317103081e-08,3.204698648968042856e-09,-3.746027677025801184e-07
4.874874874874875275e+01,3.999999999590436506e+00,1.006719941844397115e-08,2.517548183027902093e-09,-2.675950300048355635e-07
4.879879879879879923e+01,3.999999999176438781e+00,7.361241198109026405e-08,1.286803639754158432e-08,-1.908250092023714614e-06
4.884884884884885281e+01,3.999999999762174685e+00,-2.071619634855180915e-08,-2.554240984199248847e-09,5.300373328480780900e-07
4.889889889889889929e+01,3.999999999386773197e+00,3.745056057040929892e-08,6.912270709420432817e-09,-9.717044731844028567e-07
4.894894894894895288e+01,3.999999999817589913e+00,-3.164548898737872288e-08,-4.396834235403004825e-09,8.145948296713040886e-07
4.899899899899899935e+01,3.999999999591622224e+00,3.556561522780693897e-09,1.316195734629841421e-09,-9.387679800343828799e-08
4.904904904904905294e+01,3.999999999161286013e+00,7.143287379607083049e-08,1.236053577631574936e-08,-1.846587293764829665e-06
4.909909909909909942e+01,3.999999999770676329e+00,-2.495323554940692803e-08,-3.409345224110077476e-09,6.446869928639128102e-07
4.914914914914915300e+01,3.999999999419920904e+00,3.093508687623306446e-08,5.674845450857959899e-09,-7.983771202971788242e-07
4.919919919919919948e+01,3.999999999742875456e+00,-1.953411600871813823e-08,-2.602895903645452905e-09,5.064572564834073102e-07
4.924924924924925307e+01,3.999999999785306848e+00,-2.533521027299541248e-08,-3.590535651886662233e-09,6.571588967805906324e-07
4.929929929929929955e+01,3.999999999495333469e+00,2.172708707339446971e-08,4.049882366809110347e-09,-5.580143914836047778e-07
4.934934934934935313e+01,3.999999999800736283e+00,-2.521911307412756758e-08,-3.655169345685361925e-09,6.556453405328610766e-07
4.939939939939939961e+01,3.999999999494731284e+00,2.482563623404367352e-08,4.471209977466399782e-09,-6.366902147773931287e-07
4.944944944944945320e+01,3.999999999386396166e+00,4.377788378596299251e-08,7.522295133052488765e-09,-1.125746836172595393e-06
4.949949949949949968e+01,3.999999999724717537e+00,-7.791304044486773613e-09,-9.376510132753177071e-10,2.071950700184900006e-07
4.954954954954955326e+01,3.999999999387604532e+00,4.771144749708404102e-08,8.079981678906175739e-09,-1.226321005178218569e-06
4.959959959959959974e+01,4.000000000011920243e+00,-4.882440498717421491e-08,-7.718998461494963196e-09,1.268309505712151272e-06
4.964964964964965333e+01,3.999999999590495126e+00,2.029012334123902290e-08,3.521677898227778705e-09,-5.170009291524483204e-07
4.969969969969969981e+01,3.999999999436709253e+00,4.714795470929416514e-08,7.865691965888626818e-09,-1.210584329804260018e-06
4.974974974974975339e+01,3.999999999848044663e+00,-1.535534477236654097e-08,-2.375614869516599176e-09,4.045910890396183563e-07
4.979979979979979987e+01,3.999999999465314371e+00,4.790340247148707747e-08,7.912265544590052931e-09,-1.229582436047730384e-06
4.984984984984985346e+01,4.000000000044063420e+00,-4.097029155178534533e-08,-6.631004554188431262e-09,1.066819105933576265e-06
4.989989989989989994e+01,3.999999999819816132e+00,-2.700966479956821239e-09,-4.194218527579971330e-10,7.819438590481225310e-08
4.994994994994995352e+01,3.999999999818529606e+00,3.015370258458865346e-10,3.710693980978330996e-11,7.063719369891985071e-10
5.000000000000000000e+01,3.999999999693105046e+00,2.296323922818033819e-08,3.704201399516293854e-09,-5.847594171402580211e-07
